,Attrition,BusinessTravel,Department,Education,EnvironmentSatisfaction,Gender,JobInvolvement,JobLevel,JobSatisfaction,MaritalStatus,NumCompaniesWorked,Over18,OverTime,PerformanceRating,RelationshipSatisfaction,TotalWorkingYears,WorkLifeBalance,YearsAtCompany,YearsSinceLastPromotion
0,1,1,0,2,2,0,3,2,4,0,8,1,1,3,1,8,1,6,0
1,0,2,1,1,3,1,2,2,2,1,1,1,0,4,4,10,3,10,1
2,1,1,1,2,4,1,2,1,3,0,6,1,1,3,2,7,3,0,0
3,0,2,1,4,4,0,3,1,3,1,1,1,1,3,3,8,3,8,3
4,0,1,1,1,1,1,3,1,2,1,9,1,0,3,4,6,3,2,2
5,0,2,1,2,4,1,3,1,4,0,0,1,0,3,3,8,2,7,3
6,0,1,1,3,3,0,4,1,1,1,4,1,1,4,1,12,2,1,0
7,0,1,1,1,4,1,3,1,3,2,1,1,0,4,2,1,3,1,0
8,0,2,1,3,4,1,2,3,3,0,0,1,0,4,2,10,3,9,1
9,0,1,1,3,3,1,3,2,3,1,6,1,0,3,2,17,2,7,7
10,0,1,1,3,1,1,4,1,2,1,0,1,0,3,3,6,3,5,0
11,0,1,1,2,4,0,2,2,3,0,0,1,1,3,4,10,3,9,0
12,0,1,1,1,1,1,3,1,3,2,1,1,0,3,4,5,2,5,4
13,0,1,1,2,2,1,3,1,4,2,0,1,0,3,3,3,3,2,1
14,1,1,1,3,3,1,2,1,3,0,5,1,1,3,2,6,3,4,0
15,0,1,1,4,2,0,4,3,1,2,1,1,0,3,3,10,3,10,8
16,0,1,1,2,1,1,4,1,2,2,0,1,1,3,4,7,2,6,0
17,0,0,1,2,4,1,4,1,4,2,1,1,1,3,2,1,2,1,0
18,0,1,0,4,1,0,2,4,4,1,2,1,0,3,3,31,3,25,3
19,0,1,1,3,4,1,3,1,4,0,5,1,1,3,3,6,3,3,1
20,0,0,1,2,1,0,4,2,3,2,0,1,0,3,4,5,2,4,1
21,1,1,0,4,3,1,2,1,1,0,7,1,0,4,2,10,3,5,0
22,0,1,1,4,1,0,3,3,2,0,0,1,0,3,3,13,3,12,2
23,0,1,1,2,3,1,3,1,4,0,1,1,0,3,4,0,3,0,0
24,1,1,1,1,2,1,3,1,1,0,2,1,0,3,3,8,3,4,1
25,0,1,1,3,3,0,3,5,3,2,4,1,0,3,4,26,2,14,4
26,1,2,1,1,2,0,1,1,1,0,1,1,1,4,2,10,3,10,6
27,0,1,0,4,3,1,3,2,2,1,0,1,0,3,4,10,3,9,4
28,0,1,1,4,1,0,2,3,4,1,3,1,0,3,4,24,3,22,5
29,0,1,0,4,2,0,3,5,1,0,3,1,0,3,4,22,2,2,2
30,0,1,1,3,3,1,3,1,4,0,4,1,0,3,4,7,3,1,0
31,0,1,1,4,4,1,3,2,4,1,2,1,1,3,4,9,4,4,1
32,0,1,1,2,4,1,2,1,3,0,1,1,0,3,1,10,3,10,1
33,1,1,0,3,4,1,3,2,4,1,3,1,0,3,3,19,4,1,0
34,1,1,1,3,2,1,3,1,4,1,2,1,1,3,1,6,2,2,2
35,0,1,1,2,4,0,4,1,3,2,1,1,0,3,4,6,2,5,1
36,1,1,0,2,1,1,2,1,3,1,1,1,1,3,3,3,3,3,0
37,0,1,0,3,4,0,3,1,4,1,1,1,0,3,1,2,3,2,2
38,0,1,1,4,2,0,2,1,1,1,9,1,1,3,4,6,4,1,0
39,0,2,0,3,3,0,4,2,1,1,2,1,0,3,1,10,3,5,1
40,0,1,1,2,3,1,3,1,4,2,1,1,0,3,3,1,3,1,0
41,0,1,1,4,4,0,3,1,1,2,1,1,0,3,4,1,3,1,0
42,1,1,1,3,1,1,1,1,3,0,1,1,0,3,3,1,2,1,0
43,0,2,0,3,4,1,3,3,3,0,1,1,0,3,4,9,3,9,1
44,0,2,1,2,3,0,3,2,4,0,1,1,0,4,4,12,3,12,3
45,1,1,1,3,2,0,3,5,3,1,1,1,0,3,4,23,3,22,15
46,0,0,0,4,2,1,3,2,3,0,0,1,0,4,3,10,3,9,8
47,0,1,1,2,2,1,3,1,2,1,4,1,0,4,1,8,3,1,0
48,0,2,0,4,1,1,3,2,4,0,4,1,1,4,3,14,3,9,0
49,0,1,1,1,4,1,4,1,4,1,1,1,0,3,4,1,3,1,0
50,1,1,1,2,1,1,2,3,3,0,9,1,1,3,4,23,3,1,0
51,1,1,1,4,3,1,3,1,3,0,1,1,1,3,3,2,2,2,2
52,0,1,0,5,2,0,3,2,1,2,5,1,1,4,3,9,2,4,1
53,0,0,1,2,3,1,2,3,1,1,2,1,1,3,3,10,3,4,2
54,0,1,0,3,3,0,2,2,4,1,7,1,1,3,3,5,2,2,0
55,0,2,1,2,1,0,3,3,4,0,1,1,1,3,3,15,3,15,8
56,0,2,0,5,2,1,3,3,1,1,1,1,0,4,4,9,2,9,1
57,0,1,1,4,3,0,3,1,1,1,3,1,1,3,3,4,3,2,2
58,0,1,1,4,4,1,3,2,4,2,3,1,0,4,4,10,2,7,1
59,0,1,1,4,1,1,2,2,3,2,1,1,0,3,3,7,4,7,0
60,0,1,1,3,1,1,3,2,4,1,1,1,1,4,2,9,3,9,7
61,0,2,1,5,4,0,3,2,4,0,1,1,0,3,4,10,3,10,9
62,0,1,1,2,2,0,2,5,3,2,5,1,1,3,4,29,2,27,13
63,0,1,0,3,1,0,3,3,1,0,7,1,0,3,4,28,2,21,7
64,0,1,1,3,3,0,3,3,3,2,1,1,0,3,2,17,3,17,12
65,0,1,1,3,4,0,3,4,3,2,2,1,1,3,3,21,3,5,0
66,0,2,1,3,2,1,2,2,2,0,1,1,0,3,3,6,3,6,0
67,0,1,1,3,2,1,3,3,1,2,2,1,0,3,3,25,3,1,0
68,0,2,1,3,2,1,3,1,1,1,4,1,0,3,4,5,2,3,1
69,1,1,1,3,4,1,2,1,3,1,0,1,1,3,1,2,2,1,0
70,0,2,0,1,1,0,2,2,3,0,7,1,0,3,4,20,2,4,1
71,0,1,1,3,3,1,3,1,2,1,0,1,0,4,4,6,3,5,0
72,0,1,1,4,3,1,3,1,2,0,1,1,0,3,2,1,3,1,1
73,0,1,1,3,2,1,3,2,2,1,1,1,0,3,2,10,3,10,0
74,0,1,1,3,2,0,4,1,4,1,3,1,0,3,2,5,3,1,0
75,0,1,1,4,3,0,3,2,4,0,1,1,0,4,4,11,3,11,1
76,0,1,0,4,3,1,2,2,1,0,0,1,0,3,2,16,3,15,2
77,0,1,1,4,4,1,3,3,1,1,4,1,1,3,2,17,4,0,0
78,0,1,1,4,1,1,3,3,3,0,4,1,0,3,1,16,4,5,0
79,0,1,2,2,2,1,3,2,2,2,8,1,1,4,4,16,3,4,0
80,0,1,1,1,4,1,2,2,4,1,1,1,1,3,3,10,2,10,3
81,0,1,1,3,2,1,2,1,3,0,1,1,0,3,1,6,3,6,0
82,0,1,0,2,1,1,3,3,4,1,3,1,0,3,4,24,3,1,1
83,0,0,1,3,2,0,1,2,4,2,7,1,1,3,4,17,3,13,1
84,0,1,1,2,1,1,3,2,2,1,1,1,0,3,3,5,3,5,1
85,0,1,1,3,4,1,1,3,4,0,4,1,0,3,1,37,2,6,0
86,0,1,0,1,3,1,3,1,1,2,3,1,0,3,3,3,3,0,0
87,0,1,1,4,4,1,3,1,4,1,3,1,0,4,2,10,3,4,0
88,0,1,1,3,3,1,2,2,4,1,1,1,0,3,1,11,3,11,10
89,1,1,0,2,3,1,2,3,4,0,1,1,0,3,4,9,3,9,4
90,0,2,1,4,3,1,2,4,2,1,1,1,0,4,4,22,2,22,11
91,0,1,0,4,3,1,3,2,4,0,0,1,1,4,4,11,1,10,1
92,0,1,0,2,3,0,2,2,2,2,1,1,1,3,2,11,2,11,2
93,0,2,1,3,3,1,2,3,1,1,2,1,1,3,3,21,2,10,9
94,0,1,0,4,2,1,3,2,3,0,1,1,0,3,1,12,3,11,5
95,0,1,1,4,1,0,3,3,3,1,9,1,0,3,1,16,1,4,0
96,0,1,0,2,1,0,3,2,3,1,0,1,0,4,1,4,2,3,0
97,0,0,0,3,2,1,3,2,3,1,1,1,0,3,2,5,4,5,0
98,0,1,0,4,4,1,3,4,3,0,0,1,0,3,3,38,2,37,1
99,0,0,1,3,2,1,3,2,2,1,4,1,0,3,3,17,4,3,1
100,1,1,2,4,3,1,3,1,1,2,4,1,1,4,4,7,3,3,0
101,0,1,1,1,4,1,3,1,1,0,1,1,0,3,4,1,3,1,0
102,1,2,1,3,4,0,2,1,4,0,1,1,1,3,2,1,3,1,1
103,0,1,1,4,1,0,3,2,3,0,1,1,0,3,3,16,3,16,2
104,0,0,1,2,3,1,2,2,4,2,5,1,0,3,4,17,4,1,0
105,0,0,2,4,3,0,2,5,4,1,9,1,0,4,4,30,3,3,2
106,0,2,1,3,1,0,3,5,2,1,3,1,1,3,1,28,2,8,0
107,1,1,0,3,3,1,2,2,3,0,1,1,1,3,4,6,3,6,0
108,0,1,1,1,4,1,2,1,4,1,1,1,0,3,3,2,3,2,2
109,0,1,1,3,2,0,3,1,4,0,1,1,0,3,3,1,3,0,0
110,0,2,1,4,1,0,2,3,1,0,3,1,0,4,3,23,2,13,12
111,1,2,1,3,1,1,1,2,3,0,1,1,1,4,4,9,3,9,0
112,0,0,2,3,4,0,4,4,4,0,2,1,1,3,3,23,3,5,4
113,0,1,1,1,2,1,3,1,3,1,0,1,0,3,3,6,3,5,1
114,0,1,1,4,3,0,2,2,2,2,6,1,0,3,3,12,3,1,0
115,0,1,0,3,3,1,3,3,4,0,2,1,0,3,1,12,3,5,1
116,0,1,1,3,3,0,2,3,1,0,2,1,0,3,4,14,3,11,5
117,0,2,0,2,2,0,3,3,4,1,0,1,0,3,3,10,3,9,2
118,0,1,1,2,1,0,3,1,4,2,5,1,0,4,1,7,3,1,0
119,0,2,0,2,3,1,3,4,4,1,1,1,1,3,4,25,4,25,4
120,0,2,1,3,1,1,1,1,3,2,1,1,0,4,3,10,2,10,0
121,0,0,0,2,3,1,3,2,2,1,0,1,0,3,1,8,4,7,0
122,1,1,1,4,2,0,3,1,2,1,9,1,1,3,1,7,3,5,4
123,0,1,1,3,1,1,3,5,3,0,7,1,0,3,3,23,3,20,15
124,1,1,0,4,2,1,1,2,3,1,4,1,1,3,2,12,2,7,7
125,0,1,1,3,3,0,2,1,2,1,1,1,0,3,3,5,2,5,4
126,1,1,1,4,4,0,3,3,4,1,1,1,0,3,4,40,2,40,15
127,1,1,0,1,4,1,3,1,3,0,1,1,1,3,4,0,2,0,0
128,0,1,1,1,3,1,3,1,4,1,0,1,0,3,3,3,3,2,2
129,0,1,1,4,3,0,3,2,1,1,1,1,0,3,3,16,2,15,5
130,0,2,1,3,2,0,4,1,3,0,4,1,0,3,4,18,3,3,1
131,0,2,0,3,3,0,3,3,4,0,4,1,0,3,4,16,3,2,2
132,1,1,0,3,2,0,1,2,3,1,3,1,1,3,3,4,3,2,2
133,0,1,0,1,3,1,3,3,3,2,3,1,1,3,3,12,3,9,0
134,0,1,2,1,3,0,3,1,3,1,1,1,0,4,4,8,3,8,5
135,0,1,1,2,2,1,3,2,2,2,6,1,0,4,4,7,3,3,0
136,1,2,1,4,1,1,1,3,4,0,2,1,0,3,4,18,3,4,0
137,0,1,0,4,4,0,2,2,3,1,4,1,0,3,3,17,4,15,5
138,0,1,0,3,1,1,2,2,3,1,2,1,0,3,4,6,3,2,2
139,0,1,2,3,3,1,3,2,4,1,0,1,1,3,4,12,1,11,4
140,1,1,1,3,1,0,3,1,1,0,7,1,0,4,1,10,4,5,0
141,0,1,1,3,3,1,3,1,4,0,5,1,0,3,2,9,2,6,0
142,0,1,1,5,4,0,3,2,3,0,3,1,1,4,2,19,3,3,2
143,0,1,1,3,1,0,3,1,3,0,1,1,0,3,3,5,2,5,0
144,0,2,0,2,4,1,1,2,4,2,0,1,0,3,4,9,4,8,0
145,0,1,1,3,4,0,3,1,1,2,5,1,0,3,4,8,3,3,2
146,0,1,1,1,2,1,2,1,4,0,0,1,0,3,4,6,3,5,1
147,0,2,1,3,4,1,2,4,1,2,4,1,0,3,2,21,2,7,7
148,0,1,1,4,3,1,3,1,1,1,2,1,0,4,4,7,3,5,1
149,0,1,1,1,2,0,3,1,2,0,1,1,0,3,4,1,3,1,0
150,0,2,1,3,2,0,3,2,2,2,1,1,0,3,1,20,3,20,2
151,0,1,0,5,3,1,3,3,2,1,1,1,0,3,1,10,3,10,0
152,0,1,0,2,2,1,3,2,3,1,2,1,1,4,4,13,1,7,4
153,0,1,1,3,2,1,3,2,2,2,8,1,0,3,3,20,1,17,0
154,0,2,0,3,2,0,3,3,4,0,1,1,0,3,4,9,3,9,3
155,0,0,1,1,4,1,3,2,3,1,1,1,0,3,1,10,3,10,0
156,0,1,1,4,2,1,2,2,3,1,2,1,0,3,3,10,3,1,0
157,0,1,1,3,2,0,2,1,2,1,4,1,1,4,2,9,2,1,0
158,0,1,0,4,3,1,2,3,4,1,7,1,0,3,1,15,2,12,2
159,0,2,0,4,3,0,3,1,3,1,6,1,0,3,4,6,3,4,1
160,0,1,1,1,3,1,3,1,4,1,1,1,0,4,1,2,3,2,2
161,0,0,1,3,4,1,3,1,2,2,6,1,0,3,4,6,1,2,2
162,0,1,1,3,3,1,3,1,4,1,1,1,0,3,3,5,1,5,0
163,0,1,1,2,3,1,4,3,4,2,3,1,1,3,2,12,1,5,1
164,0,0,1,3,3,1,2,1,3,2,1,1,1,3,4,1,2,1,0
165,0,1,1,3,3,0,3,5,2,0,3,1,0,3,2,21,3,5,4
166,0,1,1,3,1,1,3,1,3,2,4,1,0,3,1,13,3,9,1
167,0,1,0,3,2,0,3,3,4,1,2,1,0,3,3,12,3,10,7
168,0,1,0,4,1,0,2,2,4,0,4,1,0,4,3,12,4,8,0
169,0,1,1,5,3,1,3,1,3,0,3,1,0,4,1,8,3,5,1
170,0,1,1,3,3,1,3,1,2,1,0,1,1,3,4,6,2,5,1
171,1,2,0,1,3,0,1,1,1,0,0,1,0,4,1,1,4,0,0
172,0,2,1,2,4,1,3,1,2,0,4,1,0,3,3,13,2,8,7
173,0,0,1,3,3,1,3,2,1,2,1,1,0,3,3,12,3,12,6
174,0,1,0,2,3,0,3,2,1,2,4,1,1,3,1,9,4,5,0
175,0,1,1,3,3,0,3,1,1,2,4,1,1,3,3,19,3,2,2
176,0,1,1,3,3,1,3,1,4,0,0,1,0,3,1,4,4,3,0
177,1,1,1,3,2,1,2,1,4,0,1,1,0,4,3,1,2,1,1
178,0,1,0,2,2,0,3,3,1,2,1,1,0,4,3,24,3,24,15
179,0,1,1,2,3,0,3,1,4,0,1,1,0,3,3,2,3,2,2
180,0,1,1,1,3,0,3,1,4,1,8,1,1,4,3,7,3,4,0
181,0,1,1,2,4,0,3,1,2,0,2,1,0,3,4,9,3,3,1
182,1,1,0,2,2,0,3,1,2,0,1,1,1,4,4,4,2,4,0
183,0,1,1,3,3,1,2,1,3,1,2,1,0,3,4,5,2,3,0
184,0,1,1,2,4,0,4,2,1,2,1,1,0,3,3,5,3,4,1
185,0,1,1,3,4,0,3,1,2,1,1,1,0,3,4,8,3,8,1
186,0,1,1,1,4,0,3,5,3,1,1,1,0,3,2,21,3,20,9
187,0,1,1,4,3,1,4,5,2,0,8,1,0,3,4,36,3,24,2
188,0,2,1,1,4,1,2,2,3,1,1,1,0,3,3,10,2,10,1
189,0,1,1,3,4,0,3,4,2,0,3,1,0,3,3,21,3,7,1
190,0,1,1,4,3,1,2,5,3,1,0,1,0,3,1,34,3,33,11
191,0,1,1,3,4,0,3,1,2,0,1,1,0,3,4,7,2,7,0
192,1,1,1,2,2,1,2,2,3,1,3,1,1,3,1,8,3,1,0
193,0,0,1,3,4,1,4,1,4,2,4,1,0,3,4,7,4,5,2
194,0,0,1,2,1,1,2,4,4,1,9,1,0,4,4,22,3,20,11
195,0,1,1,3,2,1,4,1,1,1,1,1,1,3,1,8,2,8,1
196,0,2,1,3,2,0,3,2,2,0,5,1,0,3,4,10,3,6,1
197,0,0,1,2,3,0,3,2,3,2,2,1,0,3,2,11,3,5,0
198,0,1,1,4,4,1,3,2,3,1,9,1,0,3,2,14,3,1,0
199,0,1,1,3,4,1,3,2,4,1,3,1,0,3,1,9,1,7,1
200,0,2,1,1,3,1,2,2,1,1,5,1,0,3,3,6,3,2,2
201,0,0,1,4,4,1,3,2,4,2,1,1,1,3,1,7,3,7,1
202,0,2,1,4,4,1,3,1,3,2,1,1,1,3,4,5,4,5,2
203,0,1,1,2,3,1,3,2,4,1,8,1,1,3,3,15,4,7,3
204,1,1,1,1,2,1,3,2,1,1,7,1,1,3,2,17,3,1,0
205,1,1,0,3,2,0,3,3,4,1,1,1,0,4,4,10,2,10,1
206,0,1,1,3,4,1,4,1,2,2,1,1,1,3,1,4,2,4,2
207,0,2,1,1,2,0,3,1,4,0,1,1,0,3,1,8,3,8,1
208,0,0,1,5,4,1,2,2,4,1,9,1,0,3,4,5,1,3,0
209,0,1,1,4,4,1,3,3,1,2,7,1,0,3,3,17,3,4,0
210,1,1,0,4,4,1,1,3,4,1,1,1,0,3,3,14,2,14,9
211,0,0,1,1,3,1,2,3,3,0,1,1,0,4,3,12,3,11,5
212,0,2,0,3,4,0,3,2,3,0,1,1,0,3,4,7,3,7,0
213,0,1,1,4,2,1,2,3,2,1,5,1,0,3,4,16,1,10,4
214,1,1,1,3,4,0,3,1,1,0,5,1,1,3,3,8,3,5,0
215,0,1,0,3,4,0,3,3,4,0,3,1,1,3,3,16,3,1,0
216,1,2,0,4,3,0,2,2,1,0,5,1,0,3,3,9,2,6,0
217,1,1,1,3,3,1,3,1,3,0,0,1,0,3,4,7,2,6,1
218,0,0,0,3,4,0,2,3,4,0,6,1,0,3,4,23,3,19,12
219,0,1,0,3,4,0,3,2,1,1,2,1,0,3,4,16,3,6,0
220,0,1,1,2,4,1,3,2,2,0,8,1,0,3,4,16,4,13,3
221,0,1,1,4,3,0,2,1,2,1,6,1,0,4,4,7,3,3,1
222,0,2,1,3,2,1,3,3,4,2,1,1,1,3,3,10,3,10,0
223,0,1,0,3,1,1,3,3,3,2,0,1,0,3,3,17,2,16,5
224,0,0,1,4,3,1,1,2,3,1,0,1,0,3,4,6,3,5,1
225,0,1,1,3,3,1,2,1,4,1,3,1,0,3,1,7,3,1,0
226,0,2,0,4,1,1,3,1,4,2,4,1,0,3,3,13,3,9,5
227,0,2,0,1,2,0,3,3,4,1,1,1,0,3,4,11,3,11,4
228,0,2,0,3,3,0,3,3,3,0,1,1,0,3,1,10,4,10,0
229,1,1,1,1,3,1,2,1,4,0,1,1,1,3,3,4,2,4,0
230,0,1,1,3,3,0,2,1,4,0,7,1,0,3,2,6,2,2,2
231,0,1,1,2,3,1,3,5,4,1,1,1,0,3,4,22,3,22,11
232,0,1,2,2,2,1,3,1,3,1,8,1,0,3,4,7,2,2,2
233,0,1,0,4,4,0,3,5,4,2,3,1,0,3,3,32,2,7,0
234,1,1,1,3,3,1,3,1,4,1,5,1,1,3,3,8,1,5,0
235,0,1,0,3,4,0,3,4,4,1,5,1,1,4,3,22,3,17,1
236,1,1,1,2,1,0,3,1,1,1,7,1,0,4,1,13,4,9,1
237,0,0,0,4,1,1,2,5,3,0,1,1,1,3,4,33,4,33,15
238,0,1,0,2,3,0,3,1,2,1,2,1,0,3,1,6,3,4,1
239,1,1,1,3,4,1,2,1,3,0,0,1,1,3,4,4,1,3,1
240,0,1,1,4,3,0,3,1,3,2,7,1,0,3,3,7,3,3,1
241,0,0,0,4,3,1,3,2,4,1,0,1,0,3,1,4,3,3,2
242,0,1,1,2,3,1,3,2,1,2,2,1,0,3,1,17,2,1,0
243,0,1,1,2,1,1,3,2,4,2,1,1,0,3,1,9,3,9,4
244,0,1,1,3,3,1,4,5,4,1,0,1,0,3,3,25,3,24,1
245,0,2,1,4,2,1,3,3,3,2,9,1,0,3,1,9,3,2,2
246,0,1,1,4,3,0,2,1,4,1,1,1,0,3,3,2,2,2,0
247,0,1,1,4,4,1,2,2,1,1,6,1,0,3,2,13,3,11,5
248,0,1,1,2,3,0,2,1,1,1,2,1,0,3,1,17,2,3,0
249,0,2,1,4,1,1,4,2,3,1,4,1,0,3,4,9,3,3,0
250,1,2,1,3,1,1,3,3,3,2,6,1,0,3,2,17,3,1,0
251,0,2,1,4,3,0,3,3,3,0,0,1,0,4,4,20,3,19,11
252,0,1,1,3,3,1,3,1,4,0,1,1,0,3,1,6,3,6,1
253,0,1,1,2,4,0,4,2,1,0,3,1,1,3,3,10,3,3,0
254,0,1,0,2,4,1,3,2,4,2,2,1,0,3,4,10,3,3,0
255,0,1,1,3,1,0,3,2,3,1,0,1,0,3,4,5,3,4,1
256,0,1,1,3,4,0,2,1,1,2,0,1,1,3,3,10,3,9,7
257,0,1,1,2,1,1,3,5,3,2,0,1,0,3,4,22,3,21,3
258,0,1,1,3,3,1,3,1,4,1,1,1,0,3,2,1,2,1,0
259,1,2,1,2,3,1,2,1,2,0,0,1,0,3,2,6,4,5,1
260,0,2,1,3,2,1,4,1,2,1,1,1,0,4,3,5,1,5,0
261,0,0,0,2,4,1,2,2,4,1,3,1,0,3,4,13,3,8,7
262,0,1,1,1,4,1,2,2,1,0,4,1,0,3,4,9,3,6,0
263,0,1,0,3,3,0,1,4,2,1,3,1,1,3,2,28,2,7,7
264,1,1,1,4,1,1,3,1,3,0,2,1,0,3,3,5,1,0,0
265,0,1,0,3,1,1,2,2,2,1,2,1,0,3,2,10,3,0,0
266,0,1,1,3,2,1,2,2,4,1,0,1,0,4,2,10,3,9,7
267,0,0,1,2,2,1,4,2,1,2,1,1,0,3,4,6,3,6,1
268,0,1,1,2,3,1,3,4,4,1,0,1,1,3,2,21,3,20,4
269,0,1,1,3,4,1,3,1,4,1,0,1,0,3,3,16,3,15,10
270,0,1,1,3,4,1,3,5,1,0,0,1,1,3,3,37,3,36,4
271,1,0,1,4,1,1,3,3,2,1,1,1,1,3,4,10,2,10,9
272,0,1,1,3,4,1,3,1,4,1,1,1,0,4,4,5,2,5,0
273,0,1,0,4,3,1,3,2,4,1,4,1,0,3,2,7,4,5,0
274,0,1,1,2,4,1,2,1,3,0,1,1,0,3,1,3,4,3,1
275,0,0,1,4,1,0,3,3,4,2,2,1,1,3,1,15,3,5,0
276,0,1,1,3,2,0,4,3,2,2,7,1,0,3,2,10,2,7,6
277,0,1,0,2,1,0,4,2,1,2,1,1,1,4,3,8,3,8,7
278,0,2,1,3,3,0,3,2,2,2,1,1,0,4,1,6,1,6,1
279,0,1,1,1,1,1,3,5,2,2,3,1,0,3,1,28,2,10,1
280,0,1,1,4,3,1,3,4,3,1,3,1,1,3,4,21,2,5,1
281,0,1,0,1,2,1,3,2,3,1,1,1,0,4,3,20,3,20,11
282,0,2,0,2,2,1,3,2,4,0,1,1,0,3,1,10,2,10,0
283,0,1,1,2,2,1,3,2,4,1,3,1,1,3,4,12,3,10,0
284,0,2,1,2,1,1,3,2,1,1,1,1,1,3,3,5,3,5,3
285,0,1,1,3,4,0,3,1,4,0,1,1,0,3,2,17,3,17,5
286,1,2,1,3,4,1,3,1,3,2,3,1,1,4,4,19,1,1,0
287,0,1,1,4,4,1,3,2,4,2,9,1,0,3,2,10,3,2,1
288,1,1,1,4,1,1,3,1,2,2,2,1,1,3,4,5,3,3,0
289,0,1,1,2,4,0,3,1,4,0,1,1,0,4,4,5,3,5,0
290,0,2,1,4,3,0,3,5,1,0,9,1,1,3,4,22,3,3,1
291,0,1,1,3,3,1,3,2,2,0,4,1,0,3,4,10,3,8,7
292,0,2,0,3,4,0,3,1,2,2,1,1,0,3,3,2,2,2,2
293,1,1,0,4,4,1,2,2,4,0,1,1,1,3,2,8,3,8,7
294,0,2,1,3,2,1,3,1,4,1,1,1,1,3,3,4,2,4,1
295,0,2,0,3,3,0,3,4,2,1,5,1,0,3,4,23,4,20,4
296,1,1,1,3,3,1,3,1,3,0,1,1,0,3,3,0,3,0,0
297,0,1,0,3,3,1,3,3,2,1,0,1,0,3,3,12,2,11,6
298,0,2,1,4,3,1,4,1,4,1,4,1,0,3,4,4,3,1,0
299,0,1,1,3,4,1,1,2,2,2,5,1,0,3,4,13,3,4,1
300,0,1,0,4,4,1,3,4,2,0,1,1,0,3,2,22,3,22,0
301,0,1,0,3,4,0,2,1,3,0,1,1,0,3,1,0,3,0,0
302,0,1,1,2,2,1,4,2,1,0,0,1,0,3,3,9,3,8,0
303,0,1,0,3,2,1,4,2,4,1,4,1,0,3,2,10,2,8,7
304,0,1,1,3,3,1,4,3,4,2,0,1,0,3,1,19,2,18,3
305,0,0,1,4,2,0,3,2,2,1,7,1,0,3,3,11,3,9,0
306,0,1,0,3,4,1,2,2,3,1,1,1,0,3,3,13,2,13,4
307,0,1,1,2,1,0,2,3,2,1,3,1,0,3,3,19,3,10,0
308,0,0,1,4,4,1,1,2,3,2,2,1,1,3,4,12,3,5,1
309,0,1,1,4,3,1,3,1,4,1,0,1,1,3,3,6,3,5,0
310,0,1,2,3,1,1,2,2,1,1,3,1,0,3,4,9,3,2,1
311,0,2,1,3,1,1,3,3,1,2,1,1,0,3,1,24,3,24,9
312,0,1,1,4,3,1,3,1,4,2,0,1,1,3,2,3,1,2,2
313,0,2,1,4,4,0,3,3,2,1,6,1,0,3,2,12,3,10,8
314,0,1,1,1,3,1,3,4,1,1,1,1,1,3,4,21,3,21,11
315,0,2,1,4,3,0,3,1,4,0,0,1,0,3,1,9,3,8,1
316,0,1,1,2,3,0,2,4,3,0,7,1,1,3,4,25,3,7,0
317,1,1,1,4,3,1,2,2,2,1,2,1,0,3,1,11,2,8,7
318,0,1,1,3,3,0,3,1,2,0,1,1,1,3,2,4,2,4,1
319,0,1,0,2,3,0,2,2,2,1,1,1,1,3,4,13,3,13,11
320,0,1,0,3,4,1,3,2,3,0,1,1,1,3,1,5,3,5,0
321,0,1,0,3,4,1,3,2,4,2,4,1,0,3,4,13,3,7,1
322,0,1,1,4,1,0,4,2,4,0,7,1,0,3,3,10,2,7,0
323,1,1,1,4,1,1,1,1,4,1,5,1,1,3,4,5,2,3,2
324,0,1,1,2,4,0,3,2,4,1,1,1,0,3,4,11,3,10,1
325,0,2,1,2,3,0,2,3,3,1,1,1,0,4,1,10,3,10,8
326,0,2,1,2,3,1,2,5,4,1,1,1,0,3,1,21,3,21,13
327,1,1,0,2,4,0,3,2,3,1,4,1,1,3,1,12,2,1,0
328,0,2,0,3,2,1,2,2,4,0,3,1,0,3,3,9,2,7,0
329,0,1,1,5,4,1,3,5,3,1,4,1,0,3,2,21,3,3,1
330,0,2,1,4,3,0,2,2,3,2,1,1,0,3,2,9,4,9,0
331,0,0,0,1,3,1,3,2,2,1,0,1,1,3,4,6,3,5,1
332,0,2,1,4,4,0,3,2,3,0,3,1,0,3,4,20,2,4,0
333,0,1,1,3,3,0,3,3,1,1,8,1,0,3,1,10,2,1,0
334,0,1,1,4,4,1,3,2,4,1,9,1,0,3,1,12,3,10,9
335,0,1,0,2,2,1,1,2,4,1,2,1,1,4,3,6,2,4,0
336,1,1,1,4,2,1,1,1,1,1,1,1,1,3,4,7,2,7,0
337,0,1,1,5,2,1,2,1,4,0,0,1,0,3,3,4,3,3,2
338,0,1,0,3,4,0,2,2,3,2,1,1,0,3,3,10,3,10,1
339,0,1,0,4,2,0,3,2,2,1,1,1,0,3,1,8,3,8,0
340,0,1,1,2,4,1,3,2,4,2,7,1,0,3,3,8,2,6,0
341,0,1,1,2,3,1,2,3,4,2,0,1,1,3,2,12,3,11,2
342,0,1,1,4,3,0,3,3,4,0,1,1,1,3,3,11,2,11,4
343,0,1,0,1,4,0,2,2,2,2,1,1,1,3,1,7,3,7,1
344,0,1,1,4,3,1,3,3,2,0,0,1,0,3,4,17,3,16,0
345,0,1,1,1,3,1,3,1,4,2,1,1,0,3,3,4,2,4,0
346,0,1,1,3,4,1,2,2,2,0,6,1,1,3,4,8,3,5,1
347,0,2,0,1,2,1,3,2,3,0,3,1,0,3,1,5,3,0,0
348,0,1,1,5,1,0,3,4,4,0,2,1,0,3,2,16,3,1,0
349,0,0,0,3,4,1,3,2,3,1,1,1,0,3,1,4,2,4,0
350,0,1,2,1,3,1,3,1,3,2,0,1,1,3,3,4,3,3,1
351,0,1,1,3,3,0,3,1,2,1,1,1,0,3,3,8,3,8,0
352,0,1,0,1,1,0,3,3,3,1,3,1,0,4,2,15,1,0,0
353,0,1,1,3,3,1,4,2,1,2,4,1,1,3,1,13,3,7,6
354,0,0,0,2,4,0,3,2,3,1,7,1,1,3,2,4,4,2,2
355,0,1,0,3,3,1,3,2,3,1,1,1,0,3,2,8,3,8,7
356,0,1,1,4,1,1,2,2,4,0,3,1,0,4,2,14,3,1,0
357,1,2,0,1,1,0,2,1,2,0,1,1,1,3,3,3,3,3,1
358,0,0,0,5,4,0,3,2,4,0,4,1,0,3,2,7,3,1,0
359,0,2,0,4,1,1,2,3,4,1,4,1,0,3,1,16,3,13,1
360,0,1,1,4,4,1,3,2,3,1,2,1,0,3,3,15,3,3,1
361,0,1,1,4,4,0,4,1,3,1,3,1,1,3,3,10,3,7,1
362,0,0,0,2,1,1,3,1,4,0,1,1,0,4,3,3,2,3,2
363,1,1,0,3,4,0,3,1,3,0,1,1,1,3,2,1,3,1,0
364,0,1,1,3,3,0,3,1,1,1,6,1,0,4,2,17,3,5,0
365,0,0,1,4,3,0,3,2,3,1,2,1,0,3,3,7,4,1,0
366,1,2,0,3,1,1,3,2,2,0,1,1,0,3,3,8,3,8,7
367,0,1,1,3,4,1,2,3,4,0,6,1,0,3,4,20,3,4,1
368,1,1,0,2,3,1,2,2,3,1,2,1,1,3,1,8,3,6,1
369,0,1,1,4,3,1,2,1,2,0,0,1,1,3,4,3,3,2,2
370,1,1,0,3,3,0,4,1,2,0,1,1,0,3,4,1,3,1,0
371,0,1,1,3,4,1,3,1,4,0,9,1,0,3,4,6,3,3,1
372,0,1,1,4,3,1,2,2,2,0,9,1,0,3,3,10,3,1,0
373,0,1,1,2,4,1,3,1,2,2,1,1,0,3,2,5,3,5,0
374,0,1,0,4,2,1,3,2,4,0,1,1,0,3,4,7,3,7,0
375,0,1,1,3,2,1,2,3,3,0,8,1,0,4,3,26,3,5,0
376,0,1,0,2,3,0,3,2,4,1,4,1,0,3,3,18,2,7,0
377,0,1,1,3,4,0,3,1,3,1,4,1,0,3,2,6,3,2,2
378,1,0,0,3,1,1,4,2,4,0,8,1,1,3,2,9,2,5,0
379,0,1,1,3,3,0,3,4,4,0,2,1,1,3,3,30,3,5,1
380,0,1,0,4,4,0,3,2,3,2,1,1,1,3,4,5,4,5,0
381,0,1,0,1,3,1,3,1,2,1,1,1,0,3,1,1,3,1,0
382,1,2,1,1,3,1,3,1,1,0,0,1,0,4,3,7,3,6,0
383,0,1,1,3,1,0,3,1,2,1,1,1,0,3,4,2,3,2,1
384,0,1,0,2,2,1,2,3,3,1,1,1,0,3,2,10,3,10,9
385,1,2,1,3,3,1,3,1,4,0,9,1,1,4,3,3,3,1,0
386,0,1,1,3,4,0,3,1,1,2,1,1,0,3,3,18,2,18,12
387,0,1,0,2,4,0,3,2,2,2,7,1,0,3,3,8,3,5,1
388,0,1,1,4,2,0,3,1,1,2,3,1,0,3,2,8,3,5,1
389,0,1,1,4,3,1,3,2,2,0,2,1,1,3,4,18,2,1,0
390,0,1,1,3,1,1,2,4,2,2,1,1,0,3,3,25,3,25,3
391,0,1,1,3,2,0,2,2,3,1,6,1,0,4,2,20,3,1,0
392,0,1,1,2,1,1,3,5,1,1,4,1,0,3,3,24,2,4,1
393,0,0,0,4,3,0,3,2,3,1,9,1,0,3,1,6,3,3,1
394,0,1,1,2,2,0,3,2,1,1,1,1,0,3,2,13,1,13,3
395,0,2,1,3,4,1,3,1,4,1,7,1,0,4,1,8,3,3,1
396,0,1,1,4,3,0,3,2,3,2,4,1,1,3,4,8,3,5,0
397,0,1,0,2,2,0,2,2,4,0,1,1,1,3,2,5,3,5,1
398,0,0,1,5,2,0,3,2,3,1,3,1,1,3,1,15,3,13,10
399,0,1,1,2,4,1,2,1,1,1,1,1,0,3,3,4,3,4,3
400,0,2,1,1,2,1,3,5,3,2,1,1,1,3,3,21,3,21,1
401,0,2,0,3,3,0,4,4,1,1,9,1,0,3,4,36,2,7,7
402,0,1,0,3,2,0,3,2,3,0,0,1,0,3,2,6,3,5,4
403,0,1,0,3,2,1,4,3,1,1,1,1,0,3,3,10,3,10,0
404,0,1,1,2,3,1,3,2,1,2,1,1,0,3,4,10,3,10,1
405,1,1,1,3,1,1,3,1,1,1,5,1,0,3,3,6,3,2,0
406,0,1,1,3,4,1,2,3,3,1,2,1,1,3,3,28,3,5,0
407,0,1,1,2,1,1,3,1,4,1,3,1,0,4,4,8,2,2,0
408,0,1,1,2,4,0,3,4,4,1,2,1,0,3,4,31,1,5,1
409,0,2,1,2,1,0,3,2,3,2,2,1,0,3,2,19,3,5,0
410,0,1,1,3,3,0,1,2,4,0,2,1,0,4,3,11,3,5,0
411,0,1,1,3,1,0,3,5,1,1,5,1,0,3,4,33,1,29,11
412,0,1,1,3,3,0,3,2,3,2,2,1,0,3,3,19,2,10,0
413,0,2,1,4,4,0,2,2,4,1,0,1,0,3,4,7,4,6,0
414,1,1,0,1,1,0,3,1,2,0,1,1,1,3,2,6,3,5,1
415,1,2,0,2,4,0,1,1,3,2,0,1,0,3,4,3,2,2,1
416,0,2,1,2,4,1,3,1,4,1,1,1,1,4,3,1,3,1,0
417,0,1,0,4,3,0,3,5,3,1,0,1,0,3,4,21,3,20,1
418,0,1,1,3,1,0,3,1,4,2,1,1,0,4,2,3,1,3,0
419,0,0,1,3,3,1,3,1,4,1,4,1,0,3,3,9,1,5,1
420,0,1,1,4,2,1,2,3,3,1,1,1,0,3,3,10,3,10,0
421,1,1,1,5,3,0,2,1,2,1,5,1,0,3,2,6,4,2,1
422,1,1,2,2,1,1,2,1,4,0,1,1,0,3,3,1,4,1,0
423,0,0,0,4,3,0,3,3,1,1,0,1,0,3,3,10,3,9,7
424,0,1,0,3,1,1,2,4,4,2,3,1,0,3,3,32,2,1,0
425,0,1,1,4,2,1,2,4,3,1,0,1,0,3,2,28,3,27,15
426,0,0,1,3,3,0,3,1,4,0,0,1,0,3,3,12,2,11,6
427,0,2,0,3,3,0,2,3,1,1,4,1,0,3,4,22,4,18,13
428,0,1,1,2,1,0,3,2,4,2,5,1,0,3,3,20,3,5,0
429,0,1,1,3,1,1,3,4,3,1,6,1,0,3,3,26,1,3,0
430,0,1,1,3,4,1,1,1,3,0,0,1,0,3,3,6,3,5,4
431,0,1,1,4,3,0,3,2,3,0,7,1,0,3,3,19,3,1,0
432,0,1,1,4,4,1,2,1,3,2,3,1,0,3,3,14,3,7,5
433,0,1,0,3,3,0,2,3,4,1,2,1,1,3,3,15,3,3,1
434,0,1,1,1,3,1,3,3,2,2,1,1,0,4,4,13,4,13,0
435,1,1,1,1,2,1,3,3,3,1,7,1,1,3,4,15,4,7,7
436,1,1,1,1,1,1,1,1,4,2,7,1,0,3,1,8,3,4,1
437,0,1,0,1,4,1,3,1,2,0,0,1,0,3,1,4,3,3,1
438,0,1,1,3,4,1,3,3,3,1,4,1,1,3,3,10,3,8,0
439,1,2,1,3,1,1,3,3,3,1,3,1,0,3,1,12,3,1,0
440,1,2,2,3,2,0,3,3,1,2,9,1,1,3,3,11,3,3,0
441,0,2,1,2,2,1,3,1,3,1,4,1,0,3,4,8,3,2,2
442,0,0,0,4,2,1,3,3,4,0,1,1,0,3,4,10,2,10,9
443,1,2,1,1,3,1,2,1,3,0,5,1,0,3,3,4,3,2,1
444,0,1,0,5,2,0,3,2,4,1,2,1,0,3,1,14,3,9,6
445,0,1,0,5,1,0,3,4,2,0,3,1,0,4,4,37,3,10,7
446,0,0,0,2,4,1,3,2,4,0,7,1,0,3,4,16,3,14,1
447,0,1,0,3,2,1,3,2,3,1,9,1,0,3,3,15,3,11,6
448,0,1,1,3,2,0,3,4,3,0,7,1,0,3,3,22,3,20,5
449,0,2,1,1,3,0,3,1,3,1,1,1,0,3,1,8,3,8,0
450,0,1,0,1,2,1,3,2,4,0,4,1,1,3,3,10,4,6,0
451,0,1,1,3,4,1,3,3,1,1,1,1,1,4,4,10,2,10,5
452,0,1,0,3,4,1,3,2,2,1,0,1,0,3,2,9,4,8,3
453,1,2,2,4,2,0,3,1,3,2,0,1,1,3,2,8,2,7,1
454,0,1,1,3,4,1,3,2,4,2,4,1,0,3,2,8,4,3,1
455,0,1,1,5,1,0,4,4,3,2,4,1,0,3,3,10,3,6,0
456,0,1,0,3,3,1,2,3,4,2,9,1,0,4,3,10,2,5,0
457,1,2,0,3,2,1,3,1,2,0,1,1,1,3,4,0,3,0,0
458,0,0,0,3,3,1,1,3,1,2,3,1,0,3,3,20,3,1,0
459,0,0,1,4,1,0,2,2,3,0,2,1,1,3,1,10,3,8,0
460,0,1,0,2,1,1,3,2,3,2,5,1,0,3,1,8,3,0,0
461,0,1,0,3,1,0,3,2,3,0,1,1,0,3,4,5,3,5,0
462,0,1,0,4,4,1,4,2,4,0,1,1,0,3,4,10,3,10,5
463,1,1,1,3,3,1,1,1,4,0,1,1,1,3,2,1,1,1,0
464,0,1,1,3,2,0,3,3,4,0,4,1,0,3,4,12,4,6,1
465,0,2,1,1,1,0,3,3,3,1,5,1,0,3,4,28,2,2,1
466,0,1,0,5,2,0,3,4,1,1,7,1,0,3,2,22,3,18,11
467,0,0,0,4,1,1,3,3,2,2,1,1,0,3,4,9,3,9,7
468,0,1,1,2,4,1,3,2,1,2,3,1,1,3,2,18,3,10,6
469,1,0,0,4,4,1,4,2,3,1,8,1,0,3,4,6,3,4,1
470,0,2,0,3,4,1,3,1,4,1,0,1,0,3,3,3,3,2,2
471,0,1,1,3,3,0,3,2,3,1,3,1,0,3,3,18,3,1,0
472,0,1,1,4,2,0,3,2,2,1,6,1,0,3,2,8,2,6,4
473,0,1,1,4,4,1,2,5,3,2,1,1,1,3,3,31,3,31,0
474,0,1,1,3,2,1,4,1,4,1,1,1,1,3,2,6,3,6,1
475,0,1,0,2,1,1,3,2,2,1,1,1,0,4,4,6,4,5,1
476,0,1,1,2,4,1,2,1,2,1,1,1,0,4,4,1,3,1,0
477,0,2,2,3,1,1,3,5,2,1,1,1,0,3,3,32,3,32,10
478,0,1,0,1,2,1,3,1,3,1,1,1,0,3,3,7,3,7,0
479,1,2,1,3,1,0,3,1,3,1,1,1,1,3,4,6,3,6,1
480,1,2,0,4,2,1,2,1,1,1,1,1,0,3,3,1,4,1,0
481,0,1,1,2,2,1,2,1,4,1,1,1,1,3,4,6,3,6,1
482,1,1,0,4,2,1,3,2,1,2,2,1,0,3,3,9,1,3,1
483,0,1,1,2,1,1,2,2,4,0,4,1,0,3,4,9,3,3,0
484,0,1,0,4,1,1,4,2,4,2,4,1,0,4,4,13,4,7,5
485,0,1,1,4,1,0,2,1,3,2,0,1,0,3,3,6,2,5,0
486,0,1,0,3,4,1,3,2,3,1,4,1,1,3,3,17,2,3,1
487,0,1,1,3,4,0,2,1,2,0,1,1,0,3,4,1,4,1,0
488,0,1,1,4,3,0,3,2,4,1,1,1,0,3,2,10,3,10,2
489,0,1,1,4,2,1,2,4,4,2,4,1,1,3,3,21,2,1,0
490,0,1,1,1,3,0,3,1,1,0,3,1,0,3,4,8,2,0,0
491,0,2,1,5,4,1,3,2,3,2,3,1,1,3,2,10,3,8,4
492,0,1,1,4,4,0,2,4,1,1,7,1,0,3,1,21,1,3,0
493,0,1,2,4,1,0,2,2,3,0,4,1,0,3,2,10,4,2,0
494,0,1,0,3,3,0,3,1,3,2,1,1,1,3,4,8,3,8,0
495,1,1,0,1,3,1,3,1,1,2,0,1,0,3,2,5,3,4,0
496,0,1,0,1,3,1,3,1,3,0,1,1,0,3,3,3,3,3,1
497,0,1,1,4,4,1,3,5,4,1,4,1,1,3,1,26,4,2,0
498,0,1,1,1,1,1,3,1,3,1,0,1,0,4,4,3,3,2,2
499,0,1,0,4,3,1,3,2,3,2,0,1,0,3,4,6,3,5,1
500,0,1,1,4,1,0,3,2,4,1,1,1,1,3,4,6,2,6,0
501,0,2,1,3,3,0,3,1,3,2,1,1,0,4,3,1,3,1,0
502,0,1,0,1,4,0,3,2,1,0,7,1,0,4,4,18,4,14,8
503,0,1,1,5,2,1,3,1,4,1,1,1,0,3,4,10,2,10,8
504,1,2,0,4,1,0,3,2,1,1,2,1,0,3,4,5,3,1,0
505,0,1,1,3,3,0,3,1,4,1,1,1,1,3,3,3,3,3,0
506,0,1,1,3,3,1,3,3,3,1,1,1,0,3,3,10,3,10,7
507,0,1,0,2,2,0,3,2,3,1,1,1,0,3,1,6,2,6,1
508,0,1,1,4,2,1,1,2,4,0,1,1,0,3,2,17,3,17,11
509,0,2,1,3,3,1,3,2,4,2,3,1,0,4,3,15,1,13,4
510,0,1,2,4,3,1,3,3,2,1,2,1,0,3,3,16,4,9,7
511,0,1,1,2,2,1,2,2,2,2,2,1,1,3,3,13,3,3,0
512,0,1,1,4,1,1,2,1,4,0,0,1,0,3,4,5,3,4,1
513,1,1,1,1,4,1,3,1,3,0,1,1,1,3,4,1,3,1,1
514,1,2,1,3,1,1,3,1,1,0,1,1,1,3,1,10,3,10,9
515,0,0,1,3,3,1,2,1,3,1,1,1,0,3,3,1,3,1,0
516,0,1,1,3,1,1,4,1,1,1,2,1,0,3,1,5,4,3,0
517,0,1,0,3,4,1,4,2,2,1,0,1,0,4,3,4,3,3,1
518,0,1,0,4,4,0,2,2,4,0,0,1,0,4,1,8,3,7,0
519,0,2,1,4,2,1,1,1,4,2,1,1,0,3,4,10,3,10,2
520,0,1,0,1,2,1,4,2,2,1,3,1,0,3,4,12,3,2,2
521,0,2,0,1,4,0,4,2,4,2,1,1,1,4,2,6,3,6,0
522,0,1,1,2,4,1,4,1,4,0,3,1,0,3,1,4,3,1,0
523,0,1,1,1,4,1,4,1,3,1,1,1,1,3,3,20,3,20,3
524,0,1,1,3,4,0,2,3,2,0,1,1,0,3,2,9,4,8,7
525,1,1,0,2,1,0,3,2,3,0,9,1,0,3,1,4,3,2,2
526,0,1,1,4,4,0,2,2,3,0,1,1,0,3,1,20,3,20,11
527,0,1,0,3,4,1,3,2,4,0,1,1,0,3,4,10,2,10,0
528,1,2,0,2,2,1,3,2,3,1,3,1,1,3,1,18,3,4,1
529,0,1,1,4,2,0,4,2,4,0,0,1,0,3,3,10,2,9,1
530,0,1,1,2,3,0,3,3,1,1,1,1,0,3,4,9,3,9,0
531,0,1,1,2,3,0,3,3,4,0,3,1,0,3,4,10,3,7,7
532,0,1,0,4,4,1,3,2,1,0,2,1,0,3,4,20,3,7,1
533,0,2,0,4,4,1,2,3,1,1,5,1,1,4,3,20,3,18,1
534,0,1,1,3,3,1,4,4,3,1,3,1,0,3,3,32,3,5,1
535,0,1,2,4,2,1,2,5,4,2,3,1,0,3,2,23,2,21,12
536,0,1,0,4,1,1,3,2,1,0,8,1,0,3,4,10,3,2,2
537,0,2,1,2,4,1,3,3,1,2,1,1,0,4,3,9,2,9,1
538,0,1,2,3,4,1,2,5,3,1,1,1,0,3,2,22,3,22,2
539,0,1,0,4,4,1,3,1,2,1,7,1,0,3,4,4,3,2,2
540,1,1,1,2,1,0,1,1,2,0,7,1,1,3,4,10,3,7,3
541,0,0,1,3,1,0,4,3,1,1,9,1,0,3,1,10,3,8,0
542,0,1,1,3,3,0,3,3,3,0,4,1,1,3,4,10,4,1,0
543,0,0,1,3,1,1,1,1,3,0,2,1,0,3,3,9,3,5,1
544,0,2,0,3,4,0,3,4,3,2,9,1,1,3,4,28,2,22,11
545,0,1,0,5,3,1,3,2,4,2,7,1,0,4,4,10,2,8,7
546,0,1,0,3,3,1,3,1,3,0,1,1,0,3,3,1,3,1,0
547,1,2,1,3,3,1,4,1,3,2,6,1,1,3,4,7,3,2,2
548,0,2,0,3,4,1,2,2,4,1,3,1,0,3,3,7,3,2,2
549,0,1,1,2,2,0,3,2,3,0,3,1,0,3,4,10,3,5,4
550,0,1,1,1,2,1,3,1,1,1,1,1,0,3,4,5,4,4,0
551,0,1,2,3,3,0,4,2,2,1,9,1,0,3,3,12,1,8,3
552,0,1,1,3,3,1,3,4,4,1,7,1,0,3,3,30,2,10,1
553,0,1,1,1,4,0,2,1,4,0,0,1,1,4,4,5,2,4,2
554,0,1,1,3,4,0,2,2,1,0,8,1,0,3,1,9,1,7,0
555,0,1,0,3,4,1,3,1,2,2,1,1,0,3,4,2,3,2,2
556,0,1,1,3,4,1,3,2,4,0,2,1,0,3,4,19,3,2,2
557,0,0,1,4,4,0,3,2,1,2,2,1,0,3,1,16,4,1,0
558,0,2,1,4,1,1,3,2,4,1,1,1,0,3,4,10,3,10,4
559,0,1,1,5,4,1,3,1,3,1,6,1,1,3,2,6,1,1,0
560,0,1,1,5,2,0,3,2,1,2,3,1,0,3,3,7,3,0,0
561,0,1,0,4,3,1,2,4,1,1,1,1,0,3,1,34,4,34,1
562,1,1,1,4,4,1,3,1,4,0,1,1,1,3,3,10,2,10,7
563,0,1,0,1,3,0,3,2,4,0,1,1,0,4,2,6,2,6,1
564,0,1,0,2,2,1,1,2,3,0,0,1,0,3,1,9,3,8,3
565,0,1,1,1,1,1,4,1,3,0,1,1,0,3,4,2,3,2,0
566,1,2,0,2,2,0,4,2,3,0,4,1,1,3,4,8,3,5,1
567,0,1,0,3,4,1,3,2,4,0,1,1,0,4,3,6,3,6,1
568,1,1,1,3,4,1,3,5,1,1,5,1,1,3,4,24,3,5,1
569,0,0,0,4,1,1,2,3,1,0,1,1,0,3,2,10,3,10,0
570,0,0,1,4,4,1,3,1,4,1,0,1,0,3,1,5,3,4,1
571,0,2,1,2,1,0,1,1,4,2,3,1,0,3,1,5,3,2,2
572,0,1,1,3,2,0,3,2,3,1,4,1,0,3,1,11,2,8,1
573,1,1,0,3,4,1,2,2,1,0,6,1,0,3,3,6,2,4,1
574,0,1,1,4,2,0,4,1,4,0,2,1,0,3,3,10,3,4,1
575,0,1,1,4,4,0,3,2,1,2,9,1,1,3,2,9,3,5,1
576,0,2,0,1,3,1,3,2,4,1,0,1,0,3,2,5,3,4,1
577,0,1,1,1,4,0,3,1,1,2,0,1,1,3,2,6,2,5,4
578,0,2,1,4,1,0,4,2,1,0,6,1,1,3,4,17,3,15,4
579,0,1,1,4,3,0,2,1,1,0,1,1,0,3,3,6,3,6,1
580,0,1,0,4,1,0,3,1,4,1,1,1,0,3,2,3,2,3,0
581,0,1,1,3,4,1,1,1,3,1,3,1,0,4,3,7,3,2,0
582,0,2,1,2,3,0,4,2,2,1,1,1,0,4,4,8,3,8,3
583,0,1,0,2,3,0,3,2,1,1,5,1,0,3,2,6,3,3,1
584,0,2,1,3,2,1,3,5,4,2,1,1,0,3,2,24,2,24,14
585,1,1,1,3,3,1,4,1,1,1,1,1,1,4,3,1,3,0,0
586,0,0,1,3,3,1,2,1,2,2,1,1,0,3,3,1,3,1,0
587,0,1,1,4,4,0,3,2,3,1,8,1,0,4,2,9,3,5,1
588,0,1,1,3,3,1,3,4,3,1,5,1,0,3,4,30,3,4,0
589,1,1,1,2,2,0,2,1,1,1,1,1,1,3,4,1,3,1,0
590,0,1,1,3,3,1,3,3,3,1,0,1,0,3,4,14,4,13,3
591,1,1,0,3,1,0,3,2,1,0,5,1,0,3,3,6,3,3,0
592,0,1,1,2,3,0,3,4,4,1,1,1,1,3,3,26,2,26,3
593,0,1,1,3,3,0,3,2,2,1,0,1,0,3,1,10,3,9,0
594,0,1,1,2,3,1,4,1,3,1,1,1,0,4,3,10,3,10,0
595,1,1,1,4,4,1,3,5,2,0,7,1,1,3,4,40,3,31,13
596,0,1,1,4,4,0,4,1,3,0,3,1,0,3,3,7,3,2,2
597,0,1,1,2,4,0,2,2,4,1,9,1,1,3,4,8,3,4,0
598,1,1,1,4,3,1,3,1,3,0,6,1,0,3,4,5,2,2,2
599,0,1,2,3,3,1,3,1,2,1,4,1,0,3,2,8,3,5,0
600,0,1,1,3,3,0,2,2,3,1,1,1,0,3,3,14,3,14,6
601,0,2,1,4,1,1,2,2,3,0,6,1,0,3,4,10,3,1,0
602,0,1,1,3,3,0,2,2,4,0,5,1,1,4,2,12,2,0,0
603,0,1,1,3,2,0,2,1,3,0,1,1,0,3,4,1,3,1,0
604,0,1,1,3,2,1,3,2,2,1,1,1,0,3,4,10,2,9,7
605,0,2,1,3,1,1,2,2,1,2,2,1,0,3,3,13,2,4,1
606,0,2,1,4,3,0,2,1,4,0,1,1,0,3,3,6,3,5,1
607,1,1,0,3,3,0,3,3,4,1,1,1,0,3,1,9,4,9,7
608,1,1,0,1,3,1,3,2,4,0,4,1,0,3,3,12,2,9,7
609,0,1,1,2,2,1,3,4,1,1,6,1,0,4,3,22,3,4,1
610,0,1,1,1,3,1,2,3,4,2,1,1,1,3,2,9,3,9,0
611,0,1,1,3,3,1,3,3,3,0,3,1,0,4,2,17,4,8,1
612,0,1,0,4,2,0,3,2,2,1,1,1,1,4,1,8,3,8,7
613,0,1,2,2,3,1,3,1,4,1,0,1,0,3,3,4,1,3,0
614,1,2,1,2,3,0,2,1,3,1,1,1,1,3,1,8,3,8,1
615,0,0,1,3,4,1,3,1,4,1,1,1,0,3,3,0,2,0,0
616,0,1,0,4,1,0,3,4,3,1,2,1,0,3,3,29,2,20,4
617,0,1,1,3,4,1,3,2,2,0,9,1,0,3,4,10,2,5,2
618,0,1,1,1,1,1,4,1,1,0,7,1,0,3,3,6,2,4,0
619,0,1,0,3,1,1,4,2,1,2,1,1,0,4,1,9,3,9,0
620,0,1,1,1,3,0,2,1,1,0,1,1,0,3,4,6,2,6,1
621,0,1,0,2,2,1,3,2,4,1,1,1,1,3,4,18,2,18,4
622,0,1,0,4,2,1,3,2,4,2,2,1,0,3,3,8,2,5,0
623,0,2,1,4,2,1,2,1,4,2,9,1,0,3,2,10,2,5,0
624,0,1,0,2,1,0,2,3,4,1,7,1,1,3,4,35,3,5,0
625,0,1,0,3,4,1,3,3,1,2,4,1,1,3,3,18,3,5,0
626,0,1,1,2,3,0,4,2,3,1,5,1,0,3,3,9,2,5,1
627,0,2,1,4,3,0,2,4,4,1,3,1,0,4,3,31,3,9,0
628,0,1,0,4,4,1,2,2,3,2,4,1,0,3,4,9,3,1,0
629,0,1,2,2,2,1,2,1,4,2,1,1,0,3,4,6,3,5,0
630,0,1,1,2,4,1,2,2,4,1,6,1,0,4,1,4,1,2,2
631,0,1,1,4,1,1,4,1,4,1,2,1,1,4,3,10,2,3,0
632,0,2,1,1,2,1,3,1,4,0,5,1,1,3,4,8,3,2,2
633,0,1,2,3,1,1,2,1,1,1,0,1,0,4,3,6,3,5,0
634,0,1,0,1,3,1,3,2,1,1,1,1,1,3,4,5,3,5,0
635,0,1,1,3,4,0,2,3,3,1,1,1,1,4,2,17,3,17,5
636,1,2,1,4,4,0,3,1,2,2,1,1,1,3,1,10,2,10,7
637,0,0,1,3,4,1,3,1,4,2,0,1,0,3,2,4,3,3,0
638,0,1,0,1,3,1,2,2,1,1,1,1,0,3,1,5,4,5,0
639,0,1,1,3,3,0,3,1,1,1,2,1,0,3,2,7,3,4,0
640,0,0,1,1,1,1,2,1,4,1,0,1,0,3,4,6,2,5,3
641,0,2,0,2,2,1,3,2,2,1,1,1,0,3,4,10,3,10,5
642,0,1,0,3,2,1,2,1,2,1,0,1,0,3,4,3,3,2,1
643,0,1,1,3,3,0,4,2,4,1,2,1,1,3,2,17,2,5,1
644,0,1,1,4,4,1,3,1,4,1,3,1,1,3,2,8,3,6,0
645,1,1,0,3,2,0,2,1,3,2,6,1,1,3,3,5,3,3,0
646,0,1,0,3,1,1,3,4,4,1,5,1,0,3,3,28,3,2,2
647,0,1,1,3,4,1,2,3,2,1,3,1,0,3,1,16,3,13,4
648,0,2,0,2,3,0,3,1,4,1,5,1,0,3,2,10,3,5,0
649,0,1,1,4,4,0,3,4,4,0,6,1,0,3,3,33,3,12,3
650,0,2,1,3,4,0,3,2,4,1,4,1,0,3,2,12,2,5,2
651,0,1,0,2,3,0,3,2,4,1,0,1,1,4,1,8,3,7,7
652,0,0,0,2,1,1,3,3,2,0,1,1,1,3,4,10,3,10,0
653,0,0,1,4,1,1,3,4,1,2,1,1,0,3,4,31,3,31,14
654,0,1,2,3,4,0,2,2,4,1,8,1,0,3,3,13,3,5,0
655,0,1,2,2,4,1,3,1,2,2,3,1,1,3,3,7,4,4,0
656,1,1,1,4,1,1,3,1,4,0,1,1,1,4,3,1,1,1,0
657,0,1,1,1,1,0,2,1,4,2,6,1,0,3,3,8,3,4,0
658,0,1,1,2,2,1,3,1,1,1,1,1,1,3,4,8,3,8,7
659,0,1,0,4,1,1,3,2,4,0,1,1,0,3,2,4,3,4,0
660,1,2,1,1,4,1,2,1,4,2,9,1,1,3,4,3,2,1,0
661,0,1,1,3,1,0,3,2,2,2,4,1,0,4,3,4,4,1,0
662,1,1,0,3,3,0,2,1,3,0,1,1,0,3,4,2,2,2,0
663,1,1,1,1,4,0,3,1,4,0,1,1,0,3,1,1,2,1,0
664,0,1,1,1,3,1,3,2,4,1,0,1,1,3,1,17,2,16,4
665,0,1,0,4,4,0,2,1,4,0,1,1,1,3,1,3,2,3,1
666,1,1,1,1,2,0,3,2,3,1,0,1,1,3,1,4,4,3,0
667,1,1,1,4,2,0,1,1,4,2,4,1,1,3,3,10,2,7,1
668,0,1,1,3,3,0,3,1,3,2,5,1,0,3,2,6,3,2,2
669,1,1,1,3,4,1,3,1,1,1,7,1,1,4,4,8,1,2,2
670,0,1,1,3,2,0,3,1,3,0,1,1,0,3,3,1,3,1,0
671,0,1,1,3,2,1,3,1,2,2,1,1,0,3,2,1,3,1,1
672,0,1,0,2,3,0,2,2,3,0,7,1,0,3,1,10,3,5,0
673,0,1,1,4,3,1,2,1,1,0,3,1,1,3,2,6,3,3,0
674,0,1,1,3,3,0,2,3,2,2,2,1,1,3,4,24,3,6,0
675,0,1,0,4,2,1,2,1,3,1,3,1,0,3,2,13,4,7,5
676,0,1,1,1,4,0,3,2,4,1,1,1,1,4,4,10,1,10,0
677,0,1,1,2,1,0,3,3,2,1,4,1,0,3,3,29,2,26,1
678,0,1,1,4,4,1,3,1,3,1,4,1,0,3,1,13,2,0,0
679,0,0,0,2,4,0,3,2,3,1,1,1,0,3,4,9,2,9,0
680,0,1,1,4,2,1,3,1,4,0,2,1,0,3,3,8,3,6,0
681,0,1,1,3,4,0,3,3,1,1,1,1,0,3,2,15,3,15,5
682,0,0,1,3,3,0,2,1,2,1,6,1,0,4,3,5,3,3,0
683,1,1,0,2,3,1,2,1,2,1,1,1,1,3,3,1,3,1,0
684,0,1,0,4,1,1,2,3,2,2,2,1,0,3,2,11,2,1,0
685,0,2,0,3,3,1,2,2,1,0,1,1,0,3,2,7,3,7,0
686,0,1,1,3,4,1,3,1,1,0,2,1,1,3,3,20,3,18,2
687,0,1,1,4,3,1,3,1,3,0,4,1,0,4,3,16,3,11,3
688,1,1,0,3,4,1,2,1,2,0,1,1,1,3,2,1,4,1,0
689,1,1,1,3,1,1,3,1,1,0,1,1,0,3,2,1,3,1,0
690,0,1,1,3,4,0,3,2,4,1,0,1,1,3,3,10,1,9,8
691,0,2,1,4,4,1,3,1,2,2,8,1,1,3,4,3,3,1,0
692,0,1,1,4,3,0,3,2,1,1,1,1,0,3,3,8,4,8,6
693,1,1,0,1,3,1,2,3,4,1,1,1,1,3,1,16,3,16,3
694,0,1,1,3,2,0,2,2,4,0,0,1,0,3,1,6,3,5,1
695,1,1,0,4,1,1,2,3,3,1,5,1,0,3,3,17,1,14,11
696,0,0,1,2,3,1,3,2,2,1,1,1,0,3,2,9,2,9,0
697,0,2,0,3,3,0,3,1,4,1,1,1,0,3,2,3,3,3,0
698,0,1,0,3,3,0,3,2,3,1,1,1,0,3,2,5,3,5,1
699,0,1,1,2,4,1,3,4,4,1,2,1,0,3,2,26,2,9,7
700,1,1,1,3,4,1,3,1,3,0,4,1,0,4,1,7,3,1,0
701,0,1,0,2,3,1,3,4,3,2,6,1,0,3,3,22,4,17,15
702,0,1,0,2,3,1,3,3,3,2,5,1,0,3,1,10,4,8,7
703,0,0,0,3,3,0,3,2,4,0,1,1,1,3,2,6,3,5,1
704,0,1,0,4,4,1,3,3,4,2,6,1,0,3,2,12,3,10,0
705,0,1,0,5,1,1,4,3,3,0,0,1,0,3,4,9,3,8,0
706,1,0,0,3,2,0,4,4,2,0,4,1,1,3,4,22,2,1,0
707,0,2,1,4,3,1,4,2,3,2,1,1,1,3,3,20,4,19,2
708,0,0,0,4,1,1,3,2,4,2,4,1,0,3,4,12,3,7,0
709,1,0,1,2,3,1,2,1,1,0,0,1,1,4,1,4,3,3,1
710,0,0,0,3,4,1,3,4,3,0,1,1,0,3,4,10,3,10,6
711,1,1,1,3,4,0,2,1,1,0,6,1,1,4,3,3,3,0,0
712,0,1,1,1,2,0,3,1,4,0,3,1,0,3,1,5,3,3,0
713,0,1,1,4,4,0,3,1,4,2,3,1,0,3,4,8,3,5,0
714,0,1,1,2,4,1,3,4,4,2,9,1,0,4,3,32,2,5,1
715,0,2,1,4,3,0,4,2,2,1,1,1,1,3,1,6,3,6,1
716,0,2,1,3,1,1,3,5,3,2,2,1,0,3,2,21,4,18,0
717,0,1,1,4,3,0,3,1,2,1,9,1,0,3,2,4,3,2,2
718,0,0,1,2,4,1,3,2,1,1,1,1,1,3,3,9,3,9,0
719,0,1,0,2,4,0,3,2,4,0,1,1,1,3,3,9,3,9,0
720,1,1,1,3,1,0,3,1,3,1,4,1,1,3,2,7,3,5,0
721,0,1,1,3,4,1,3,4,3,1,3,1,1,3,4,22,3,12,1
722,0,2,1,1,3,1,3,1,3,1,0,1,0,3,2,3,2,2,0
723,0,1,1,2,4,1,3,3,3,2,6,1,0,3,2,13,3,8,0
724,0,1,1,1,4,0,2,2,3,2,1,1,0,3,2,5,3,4,3
725,1,1,1,4,3,1,2,1,2,2,1,1,1,4,4,5,1,4,0
726,0,2,1,1,3,0,3,2,1,1,1,1,0,3,3,4,3,4,0
727,0,0,1,2,2,1,3,1,4,0,1,1,0,3,4,0,3,0,0
728,0,1,1,3,3,0,3,3,3,1,8,1,0,3,3,22,3,10,0
729,0,1,1,4,3,0,3,3,3,2,1,1,1,3,3,16,2,16,10
730,0,1,1,2,2,0,4,3,1,1,0,1,1,3,3,9,2,8,1
731,1,1,1,3,4,0,2,1,1,0,1,1,1,3,1,1,3,1,0
732,1,2,1,3,2,0,3,1,2,0,0,1,0,3,1,4,3,3,1
733,0,1,1,2,4,1,4,2,4,1,1,1,0,3,2,8,3,8,1
734,0,1,1,1,2,1,1,1,1,1,1,1,0,3,1,4,2,4,1
735,0,1,1,3,1,1,2,2,3,0,2,1,0,3,4,19,3,2,2
736,0,1,1,4,3,1,2,3,3,0,7,1,0,3,2,27,3,15,4
737,0,1,1,2,4,0,3,2,3,0,6,1,0,3,2,8,3,2,2
738,0,1,1,1,4,0,2,4,4,1,1,1,0,3,3,21,3,21,11
739,0,1,1,4,1,0,3,2,4,1,0,1,0,3,2,4,3,3,2
740,0,1,1,3,2,1,3,1,4,2,1,1,0,4,1,3,2,3,1
741,0,1,0,2,4,1,3,5,3,1,6,1,0,3,2,21,4,1,0
742,0,1,1,3,1,1,3,1,4,1,4,1,0,3,2,8,3,1,0
743,0,1,1,3,3,0,2,4,4,0,3,1,1,3,1,30,3,5,4
744,1,1,1,2,1,0,1,2,2,1,5,1,0,3,1,15,1,1,0
745,0,2,1,4,3,1,3,2,2,1,3,1,1,3,4,17,3,8,6
746,0,0,1,1,2,0,1,5,3,2,1,1,0,4,2,21,3,21,5
747,0,1,0,4,2,1,3,2,4,0,8,1,1,3,3,19,3,1,0
748,1,0,0,2,2,1,1,2,1,0,8,1,0,3,4,7,3,2,2
749,1,1,0,1,1,0,1,5,4,1,1,1,0,3,4,33,3,32,6
750,0,1,0,3,4,0,4,4,4,1,3,1,1,3,3,23,3,12,11
751,0,0,0,3,4,0,3,2,3,1,0,1,0,3,1,19,3,18,0
752,1,1,1,4,3,0,4,1,1,0,1,1,0,3,3,18,3,17,15
753,0,2,1,3,4,0,3,3,1,0,1,1,1,3,3,21,3,21,2
754,0,0,0,1,2,0,2,1,4,0,0,1,0,3,4,3,2,2,2
755,0,1,0,2,4,0,3,4,4,1,3,1,0,3,2,26,4,9,1
756,0,0,1,4,4,0,3,1,3,0,9,1,0,3,2,10,3,8,7
757,0,1,0,4,2,1,4,2,4,2,0,1,0,3,4,16,2,15,0
758,0,1,0,2,2,1,3,3,4,1,3,1,1,3,3,14,1,6,0
759,0,1,2,4,2,1,3,1,2,0,1,1,0,3,1,6,3,6,0
760,0,2,0,3,3,0,2,3,2,1,2,1,0,3,1,30,3,15,6
761,1,1,1,3,1,1,3,2,3,2,7,1,0,3,2,9,2,1,0
762,1,2,1,3,1,1,3,1,1,1,6,1,1,3,2,6,3,3,1
763,0,1,0,4,3,0,3,1,3,1,1,1,1,3,4,1,3,1,0
764,0,1,0,1,4,1,3,1,2,1,1,1,0,4,2,1,3,1,0
765,0,2,1,4,3,1,3,1,3,1,3,1,0,3,1,8,3,2,2
766,0,1,1,4,2,1,3,5,3,1,2,1,1,3,4,29,2,8,7
767,0,1,1,3,4,0,3,2,2,0,3,1,0,3,1,8,2,4,0
768,0,1,0,3,3,1,3,2,1,1,1,1,0,3,2,8,2,7,7
769,0,2,1,1,1,0,2,1,3,2,1,1,0,3,3,5,3,5,1
770,0,1,1,4,4,1,3,5,4,2,9,1,0,3,4,23,3,2,2
771,0,1,0,4,3,0,2,3,3,1,6,1,0,3,2,13,3,9,7
772,0,2,1,3,1,0,3,1,3,1,2,1,0,3,2,18,3,5,0
773,0,1,1,5,4,0,2,3,4,0,0,1,0,3,2,15,2,14,7
774,0,0,1,1,3,1,2,4,1,0,7,1,0,3,2,31,4,9,6
775,0,1,0,3,3,1,2,3,4,2,5,1,0,3,3,18,3,1,0
776,1,2,0,3,4,0,3,1,4,0,1,1,1,3,2,2,3,2,0
777,1,1,1,3,3,0,2,1,1,0,1,1,0,3,1,1,2,1,1
778,0,1,1,4,4,0,2,2,1,2,8,1,1,4,1,19,3,16,1
779,1,1,1,4,1,1,3,1,3,1,9,1,1,3,3,18,4,10,2
780,1,0,1,2,2,1,2,3,1,0,1,1,0,3,1,10,2,10,1
781,0,1,1,2,1,1,2,1,1,1,1,1,0,3,1,6,3,5,1
782,0,1,1,3,3,1,3,2,1,1,0,1,0,3,3,7,2,6,0
783,0,1,1,2,2,0,4,1,3,1,1,1,0,3,3,10,3,10,0
784,0,1,1,1,3,0,2,3,3,1,0,1,0,3,1,20,2,19,1
785,0,1,1,4,1,1,3,3,4,1,4,1,0,4,4,14,3,11,11
786,0,0,1,5,1,1,1,1,3,1,1,1,0,3,4,3,3,3,1
787,0,2,1,1,4,1,3,3,2,1,3,1,0,3,2,23,3,3,1
788,0,1,1,3,3,0,3,2,3,0,3,1,0,3,4,10,4,8,1
789,1,1,2,2,2,1,2,3,1,1,9,1,0,3,4,24,3,20,3
790,0,1,1,3,4,1,2,3,4,2,4,1,0,3,3,9,3,3,1
791,1,1,0,3,4,1,3,3,1,0,0,1,1,4,1,9,3,8,4
792,1,2,1,4,1,0,2,2,3,0,1,1,0,4,2,14,3,13,3
793,0,1,1,2,1,1,3,1,3,2,1,1,0,3,4,4,2,4,2
794,0,2,1,1,1,1,3,2,4,0,0,1,0,3,3,7,2,6,0
795,0,1,0,4,4,0,2,2,4,2,2,1,1,3,3,8,3,1,0
796,1,1,1,1,4,1,3,1,4,1,1,1,1,3,2,7,4,7,5
797,1,1,1,3,1,1,3,1,3,2,1,1,0,4,3,1,2,1,0
798,1,1,1,3,1,1,2,1,2,0,4,1,1,4,2,5,3,2,2
799,0,1,1,2,4,1,3,4,1,1,0,1,0,3,4,23,3,22,13
800,1,2,1,3,1,1,2,1,2,2,1,1,0,3,1,1,3,1,0
801,1,2,0,4,4,1,3,2,3,0,3,1,1,3,4,5,3,0,0
802,0,2,0,3,4,0,3,2,2,1,0,1,0,3,3,4,3,3,0
803,0,0,1,4,3,1,2,1,4,1,3,1,0,3,4,6,3,0,0
804,0,0,1,4,1,1,4,4,4,0,2,1,0,4,3,27,2,5,2
805,0,0,0,4,2,0,2,2,3,1,1,1,0,3,4,15,3,15,4
806,0,1,1,4,2,1,3,3,2,0,7,1,0,3,4,18,3,8,4
807,0,1,0,4,3,1,2,3,3,2,0,1,1,3,2,9,3,8,2
808,0,1,1,4,3,0,3,1,4,2,4,1,0,4,1,11,3,7,1
809,0,1,1,3,4,0,3,3,2,2,0,1,0,3,2,10,2,9,1
810,0,1,0,1,1,1,3,4,3,1,3,1,0,3,4,23,3,12,4
811,0,1,0,2,4,1,3,3,2,0,7,1,0,3,3,10,3,1,0
812,0,2,1,3,3,0,3,3,1,1,8,1,0,3,3,18,3,8,0
813,1,2,1,3,1,1,3,4,4,2,7,1,0,3,4,21,3,18,11
814,0,1,1,3,3,1,2,5,3,0,1,1,0,3,1,21,4,20,4
815,0,1,1,1,4,0,2,1,2,0,1,1,1,3,3,2,4,2,2
816,0,0,1,3,3,1,3,2,2,0,9,1,0,3,3,9,2,5,0
817,0,0,1,4,1,1,3,2,4,0,2,1,0,4,1,18,3,11,0
818,0,2,0,3,3,1,4,1,4,1,0,1,0,3,1,3,3,2,2
819,0,1,1,1,1,1,2,1,2,1,0,1,0,3,1,6,1,5,0
820,0,2,0,2,4,1,3,2,4,2,1,1,0,3,4,5,3,5,0
821,0,1,0,4,4,1,2,4,2,1,6,1,0,3,2,22,3,9,2
822,0,2,1,2,4,1,3,2,3,0,2,1,0,3,4,5,2,3,0
823,0,2,1,3,4,0,3,1,2,2,0,1,0,3,4,8,2,7,1
824,0,1,1,3,2,1,1,2,4,0,4,1,0,3,1,16,3,1,0
825,0,1,1,1,2,1,2,2,4,1,1,1,1,3,3,10,2,10,1
826,0,1,2,3,3,1,4,1,3,1,1,1,0,3,4,7,4,7,5
827,0,2,1,3,3,1,2,1,3,2,1,1,1,3,4,3,3,3,0
828,1,0,1,1,3,1,3,1,3,0,1,1,0,3,4,0,3,0,0
829,1,1,0,4,1,0,3,2,1,0,0,1,1,3,1,6,3,5,0
830,0,1,1,4,2,1,3,1,4,1,3,1,1,3,1,6,3,1,0
831,1,2,1,3,3,1,3,1,3,1,1,1,0,3,3,2,2,2,2
832,0,1,1,2,3,0,2,2,4,2,7,1,0,3,3,9,3,6,1
833,0,1,1,3,4,1,2,1,3,1,1,1,0,3,3,4,3,4,2
834,0,1,0,1,2,0,3,2,3,1,1,1,0,4,1,6,2,6,1
835,0,1,2,4,3,1,3,1,3,0,1,1,0,3,2,6,1,5,1
836,1,1,0,1,4,0,2,3,1,1,1,1,0,3,1,11,1,11,3
837,0,2,1,4,2,0,3,3,3,0,9,1,0,3,3,20,2,18,2
838,1,2,0,3,3,1,3,4,1,0,0,1,1,3,2,22,2,21,13
839,0,1,0,4,2,1,3,2,1,0,7,1,0,3,4,9,4,6,1
840,0,1,1,4,4,1,2,1,3,1,6,1,0,3,2,10,3,8,1
841,0,1,1,3,4,1,3,1,2,0,8,1,0,4,4,6,3,4,1
842,1,1,1,1,3,0,3,1,4,1,1,1,1,3,4,1,2,1,0
843,0,1,1,4,1,1,4,1,4,1,1,1,0,4,2,8,3,8,0
844,0,1,0,3,3,1,2,2,3,1,1,1,0,3,1,10,3,10,1
845,0,2,1,2,3,0,2,2,4,1,3,1,1,3,4,16,1,1,0
846,0,1,1,3,3,1,2,3,2,2,2,1,0,3,2,15,4,7,6
847,0,2,1,3,4,1,2,2,1,0,0,1,0,4,3,14,3,13,4
848,0,2,1,4,4,1,2,1,4,1,1,1,0,3,2,2,4,2,2
849,1,1,0,3,1,0,1,2,3,0,8,1,0,3,2,7,2,4,1
850,0,0,0,1,3,0,3,1,1,2,1,1,0,3,3,1,3,1,0
851,0,1,1,4,4,0,3,5,1,2,4,1,0,3,4,28,3,5,4
852,0,1,1,1,2,0,3,1,4,1,1,1,0,3,1,10,3,10,0
853,0,1,1,2,3,1,3,1,1,0,1,1,0,4,3,1,3,1,0
854,0,1,1,3,1,0,3,1,3,1,4,1,1,3,3,7,2,3,0
855,0,1,1,3,4,0,2,2,4,1,1,1,0,3,2,14,2,14,3
856,0,1,1,3,1,1,2,1,3,0,1,1,0,3,1,2,2,2,1
857,1,1,1,4,3,1,3,1,3,0,1,1,1,3,3,6,3,6,0
858,0,1,1,2,4,0,3,5,3,2,3,1,0,3,2,26,3,7,4
859,0,1,1,1,2,0,1,1,4,1,0,1,1,3,1,6,2,5,1
860,1,2,1,4,3,1,2,1,4,1,0,1,1,3,2,1,3,0,0
861,0,1,0,3,3,0,3,4,1,1,8,1,0,4,1,28,3,26,15
862,0,0,1,3,4,1,1,1,3,0,2,1,0,3,4,6,3,0,0
863,0,1,2,3,2,1,3,1,3,1,1,1,0,3,4,5,3,5,1
864,1,0,1,2,1,1,2,1,1,2,6,1,0,3,1,5,1,1,0
865,0,1,0,4,3,1,3,2,1,2,8,1,0,3,3,8,3,4,0
866,0,2,0,4,2,1,3,2,2,1,5,1,0,3,4,5,3,0,0
867,0,2,1,3,4,0,3,4,1,1,2,1,0,4,3,32,3,2,2
868,0,1,1,4,4,1,2,1,1,1,1,1,0,3,3,6,3,6,3
869,0,1,1,2,4,1,3,5,2,1,5,1,0,3,1,25,3,4,0
870,0,1,0,4,3,1,3,2,1,1,3,1,1,3,4,15,3,7,1
871,1,1,1,2,4,0,3,1,2,1,1,1,0,3,1,1,1,1,0
872,0,2,0,3,2,0,3,2,3,1,1,1,0,3,1,10,2,10,0
873,0,1,1,4,3,1,1,1,3,2,1,1,0,3,3,7,3,7,1
874,0,1,1,4,3,1,3,2,3,2,1,1,0,3,1,10,2,10,8
875,0,1,1,4,4,1,3,2,4,0,1,1,0,4,2,20,3,20,13
876,0,1,0,3,3,1,4,1,4,0,1,1,0,3,4,2,3,2,2
877,0,1,1,4,4,1,3,2,4,2,2,1,0,3,3,12,2,6,1
878,0,0,2,5,4,1,4,2,1,1,7,1,0,3,1,10,4,4,0
879,0,1,0,4,2,1,4,2,4,2,0,1,1,3,2,12,3,11,1
880,0,2,1,3,3,0,2,1,2,1,1,1,0,4,3,2,3,2,2
881,0,2,1,2,4,0,3,2,3,0,4,1,1,3,4,10,3,8,0
882,0,1,1,3,3,0,1,3,1,2,2,1,1,4,3,17,3,7,7
883,0,1,1,3,1,1,3,1,4,1,0,1,0,3,2,15,3,14,4
884,0,1,0,3,2,0,2,2,2,2,7,1,0,3,2,7,4,5,1
885,0,1,0,4,3,1,3,2,4,0,0,1,0,3,2,5,3,4,1
886,0,1,1,3,4,1,3,1,2,1,0,1,1,4,1,12,3,11,5
887,0,2,1,5,1,0,3,3,1,1,3,1,1,3,3,20,3,1,0
888,0,0,0,2,3,0,2,3,4,1,4,1,1,3,2,16,2,13,4
889,0,1,1,3,1,1,3,1,1,1,1,1,1,3,4,9,2,9,6
890,0,2,1,4,4,0,3,3,3,2,7,1,0,3,1,33,1,5,1
891,0,1,1,1,1,0,4,1,4,1,1,1,0,3,4,10,3,10,7
892,1,0,1,3,1,0,2,1,2,0,1,1,1,4,2,1,4,1,0
893,0,1,1,3,1,0,3,1,4,2,1,1,0,3,1,3,3,3,1
894,0,1,1,3,4,1,3,4,4,1,3,1,0,3,1,36,3,10,0
895,0,1,1,2,3,1,3,2,1,1,1,1,1,3,4,6,2,6,0
896,0,1,1,3,3,0,2,2,1,0,1,1,0,3,2,10,3,10,1
897,0,1,0,3,3,0,2,2,4,0,5,1,0,3,4,13,3,6,0
898,0,1,1,3,3,1,1,5,4,1,3,1,0,3,2,25,3,8,0
899,0,1,1,2,1,1,2,5,3,1,2,1,0,3,3,23,4,1,0
900,0,2,1,3,3,1,3,1,2,1,1,1,0,3,3,12,2,11,0
901,0,1,1,2,4,1,4,1,2,0,5,1,0,3,3,7,2,1,0
902,0,1,1,2,1,1,3,1,3,2,1,1,0,3,2,5,3,5,0
903,0,1,1,3,3,1,3,2,4,2,1,1,1,3,2,6,3,6,1
904,0,1,1,3,4,1,2,5,4,0,6,1,0,3,3,25,4,1,0
905,0,1,1,3,4,0,2,4,4,2,3,1,0,3,2,9,2,7,1
906,0,1,1,3,3,0,4,1,3,1,0,1,0,3,4,2,2,1,0
907,0,1,0,3,2,1,3,5,2,1,7,1,0,3,3,26,3,22,3
908,0,1,0,5,4,1,4,3,3,2,0,1,1,3,4,10,3,9,0
909,0,1,1,3,2,0,4,1,4,0,1,1,1,3,4,1,3,1,0
910,0,1,1,2,4,1,3,1,3,1,1,1,0,4,4,1,3,1,0
911,1,2,0,1,3,1,1,1,4,0,1,1,1,3,4,1,3,1,1
912,0,1,1,2,3,1,3,1,4,0,1,1,1,4,2,8,2,8,2
913,1,1,0,3,1,0,1,5,2,0,2,1,1,3,1,26,3,24,1
914,0,0,1,1,4,1,2,4,2,2,1,1,1,3,4,34,3,33,15
915,1,2,1,2,1,0,2,1,3,0,1,1,0,4,3,2,1,2,2
916,0,1,0,2,4,0,2,5,2,1,2,1,0,3,3,26,3,11,0
917,0,1,0,3,3,0,3,2,1,0,0,1,1,3,4,4,3,3,0
918,0,2,0,3,4,1,3,5,2,2,4,1,1,4,1,31,2,29,11
919,0,1,1,4,4,1,3,3,4,0,6,1,0,3,4,25,2,9,5
920,0,2,1,3,3,0,3,2,2,2,4,1,0,3,3,15,4,11,5
921,0,2,1,4,4,1,3,1,3,0,0,1,1,3,3,5,2,4,0
922,0,1,1,2,3,1,4,5,1,2,1,1,0,3,4,26,2,25,14
923,0,2,2,3,3,1,2,2,2,1,4,1,0,3,4,14,4,10,1
924,0,1,1,1,3,1,3,1,3,1,0,1,1,3,4,4,3,3,2
925,0,1,1,4,2,0,4,2,2,1,6,1,1,3,4,18,3,1,0
926,0,1,0,4,4,0,2,3,4,0,3,1,0,3,4,23,4,21,15
927,0,1,1,4,3,0,3,2,2,0,9,1,1,3,4,18,3,16,5
928,1,1,1,3,1,0,3,3,4,1,1,1,0,3,4,10,3,10,0
929,0,2,1,3,4,1,2,1,4,1,1,1,1,3,2,2,3,2,2
930,0,2,1,2,2,0,2,1,3,0,0,1,0,3,2,8,2,7,7
931,0,0,1,2,3,0,3,2,3,0,7,1,1,3,3,10,3,8,1
932,1,1,1,3,2,0,3,1,3,2,3,1,1,3,1,10,3,7,7
933,0,1,1,3,4,1,3,1,1,0,2,1,0,3,2,5,2,3,1
934,0,1,1,3,4,0,3,1,2,0,1,1,0,3,4,2,2,2,2
935,0,1,0,3,3,1,4,2,4,1,1,1,0,3,3,10,4,10,0
936,0,2,1,3,2,0,3,5,2,0,3,1,0,4,3,22,3,0,0
937,0,1,1,4,3,0,2,4,2,2,6,1,1,3,4,21,3,19,15
938,0,1,1,4,1,1,3,1,3,2,1,1,0,3,4,2,3,2,2
939,1,1,1,2,4,1,3,2,3,1,1,1,0,3,1,10,3,10,1
940,1,1,1,3,3,1,3,1,1,0,0,1,0,3,1,6,3,5,0
941,0,1,1,3,1,0,2,2,4,1,0,1,0,3,1,10,3,9,6
942,0,1,1,4,4,0,3,3,3,1,3,1,0,3,1,10,3,7,1
943,0,1,2,2,4,0,3,1,1,0,6,1,0,3,3,10,4,7,5
944,0,0,1,3,3,0,1,2,4,1,0,1,0,3,1,10,3,9,7
945,0,1,1,3,4,0,3,4,1,1,4,1,1,3,2,25,3,3,1
946,1,1,0,4,4,1,2,3,2,0,2,1,1,3,3,9,3,5,1
947,1,1,0,3,2,1,3,3,2,0,9,1,1,3,3,10,2,8,7
948,0,1,1,4,2,0,3,3,1,1,1,1,1,4,4,9,3,9,0
949,0,1,1,2,1,1,3,2,3,0,0,1,0,3,1,9,3,8,1
950,0,0,0,4,4,0,3,3,3,2,1,1,1,3,1,10,2,10,9
951,0,0,0,2,3,1,1,2,2,0,1,1,0,3,1,19,3,19,11
952,1,2,0,3,4,0,3,1,2,0,1,1,1,3,1,3,4,3,2
953,1,1,1,3,1,1,3,1,1,1,4,1,0,3,3,10,4,3,1
954,0,0,1,1,3,1,3,4,3,1,0,1,1,3,4,21,2,20,2
955,0,1,1,2,4,0,1,5,3,1,4,1,0,3,4,23,3,19,9
956,0,1,2,4,4,1,3,5,2,0,6,1,0,3,1,36,3,7,7
957,0,0,1,2,3,1,3,1,3,2,9,1,0,3,2,6,3,4,0
958,0,1,1,3,4,1,3,3,4,2,0,1,0,3,4,10,2,9,1
959,0,1,1,3,3,1,3,2,4,0,1,1,0,3,3,9,3,9,8
960,0,2,0,3,3,0,3,2,1,2,0,1,0,3,4,10,3,9,1
961,0,2,1,4,3,1,3,2,3,0,1,1,1,3,2,9,3,9,1
962,0,1,2,3,3,1,3,4,2,2,1,1,1,3,2,33,3,33,0
963,0,1,0,2,2,0,3,2,1,2,3,1,0,3,4,11,3,7,1
964,0,1,0,2,3,0,3,2,1,0,1,1,0,3,4,10,4,10,9
965,0,1,1,1,4,1,3,1,4,1,3,1,0,3,3,7,2,3,1
966,1,1,1,4,3,0,2,3,1,1,7,1,1,3,4,31,2,10,5
967,0,1,1,4,2,1,3,1,2,1,3,1,0,4,3,7,3,4,0
968,0,2,0,3,1,0,4,2,1,1,2,1,0,3,4,17,2,15,6
969,0,1,1,3,4,1,3,3,4,0,1,1,0,3,3,11,3,10,0
970,0,1,0,3,3,0,4,1,4,1,8,1,0,3,2,5,3,1,0
971,0,1,1,2,4,0,2,4,2,0,3,1,0,3,2,29,2,5,0
972,0,0,1,3,4,0,3,1,4,0,1,1,0,3,3,0,4,0,0
973,0,1,1,3,4,0,2,2,4,1,0,1,0,3,2,10,3,9,0
974,0,2,0,1,4,1,1,2,4,0,3,1,0,4,2,8,3,6,0
975,1,1,0,4,1,1,4,4,3,0,6,1,1,3,3,24,2,19,3
976,0,1,1,3,4,1,3,4,2,1,4,1,1,3,1,33,3,19,15
977,0,0,1,1,1,0,2,1,3,2,1,1,0,4,3,5,3,5,0
978,0,1,1,1,2,0,4,2,3,2,5,1,0,4,2,15,3,12,11
979,0,1,1,3,2,1,3,2,3,1,4,1,0,3,1,10,3,8,7
980,1,2,0,3,3,0,2,1,4,0,7,1,0,3,3,3,4,1,0
981,1,2,0,4,4,0,3,2,3,1,0,1,1,3,3,5,2,4,3
982,0,2,1,3,4,1,4,1,3,2,1,1,0,3,4,4,3,4,0
983,0,1,1,4,3,0,3,2,4,0,1,1,0,3,4,14,4,14,4
984,0,1,0,3,3,1,2,2,1,1,1,1,0,3,3,5,3,5,0
985,1,1,1,4,4,1,3,2,3,1,1,1,1,3,4,10,2,10,6
986,0,1,0,4,1,1,2,2,4,1,3,1,1,3,4,8,4,5,1
987,0,2,0,3,2,1,3,3,2,1,2,1,0,3,2,14,3,4,3
988,0,2,1,3,4,0,3,2,4,2,3,1,1,3,1,12,2,6,3
989,0,1,1,1,3,1,3,1,3,1,7,1,1,3,4,8,3,6,1
990,0,2,0,1,2,1,3,2,4,1,6,1,0,3,1,8,4,5,1
991,0,1,0,1,3,1,3,2,2,1,0,1,1,3,1,4,2,3,1
992,0,0,1,2,3,1,3,3,3,1,3,1,0,4,2,13,3,6,0
993,0,1,0,1,1,1,4,2,3,1,2,1,0,3,2,6,2,3,1
994,0,2,1,2,4,0,4,4,3,1,2,1,1,3,2,24,2,5,0
995,0,1,1,3,1,0,2,2,3,0,1,1,1,3,1,20,1,20,1
996,0,1,0,3,4,0,2,2,4,1,1,1,1,3,4,6,3,6,4
997,1,1,1,4,4,0,3,1,3,0,1,1,1,3,4,8,3,8,7
998,0,1,1,1,1,1,2,1,4,0,0,1,0,3,4,5,3,4,1
999,0,1,2,3,3,0,3,4,1,1,0,1,0,3,3,21,3,20,0
1000,0,1,1,4,3,0,3,1,1,1,9,1,0,3,3,12,1,5,0
1001,0,1,1,3,1,0,3,1,3,0,4,1,0,3,1,8,3,3,0
1002,0,2,1,2,3,1,3,3,4,0,2,1,0,3,3,10,3,2,2
1003,0,1,1,3,1,1,3,1,4,1,4,1,0,3,2,7,2,3,0
1004,0,1,1,3,3,1,4,1,1,0,0,1,0,3,4,8,3,7,0
1005,0,1,2,3,2,1,2,3,1,0,1,1,0,3,1,10,2,10,0
1006,1,2,1,2,1,1,2,2,1,0,3,1,0,4,1,20,3,4,1
1007,1,2,1,1,3,0,3,3,4,0,0,1,1,3,1,9,3,8,7
1008,0,1,1,3,4,0,3,4,4,0,6,1,0,3,4,29,2,20,12
1009,0,1,1,3,4,0,3,5,1,1,3,1,1,4,3,32,3,9,1
1010,0,1,1,4,2,1,4,4,4,2,2,1,0,3,4,31,4,7,0
1011,0,1,0,4,1,0,3,2,2,0,3,1,1,3,4,15,3,5,0
1012,1,2,0,4,2,0,1,1,3,0,1,1,0,3,2,1,3,1,0
1013,0,1,0,4,4,0,3,2,1,2,7,1,0,3,2,8,3,3,0
1014,0,1,1,5,1,0,3,4,2,0,3,1,0,3,3,9,4,3,1
1015,0,2,1,4,4,1,3,1,1,2,5,1,0,3,3,10,3,4,1
1016,1,1,1,3,1,0,2,1,2,0,1,1,0,3,3,1,4,1,0
1017,0,1,1,1,2,1,3,1,1,1,0,1,0,3,2,6,4,5,1
1018,0,1,1,4,1,1,2,2,4,0,1,1,0,3,3,10,2,10,1
1019,0,1,0,4,3,0,2,2,1,1,4,1,0,3,1,11,2,3,0
1020,0,1,1,3,1,1,3,1,4,1,7,1,0,3,3,17,2,6,1
1021,1,1,0,2,1,1,2,1,1,1,3,1,0,3,1,6,3,3,2
1022,0,0,1,2,3,1,4,1,3,0,0,1,0,3,1,7,1,6,1
1023,0,1,1,2,1,0,3,1,1,1,2,1,0,4,4,5,4,3,1
1024,0,1,1,4,1,0,3,4,3,1,3,1,0,3,2,26,4,20,5
1025,0,1,0,1,4,0,3,2,3,1,1,1,1,3,3,5,3,5,0
1026,0,1,0,5,4,1,3,2,4,1,4,1,0,3,3,7,2,4,0
1027,0,1,1,3,4,0,2,1,2,1,5,1,0,3,1,7,2,5,0
1028,0,1,1,5,2,1,4,1,3,1,2,1,1,3,1,7,2,4,0
1029,0,0,1,4,3,1,3,2,3,2,3,1,0,3,3,11,4,8,0
1030,0,1,0,2,1,1,3,3,4,2,1,1,0,3,1,13,3,13,9
1031,1,1,0,3,1,1,3,3,4,2,4,1,0,3,1,28,4,7,4
1032,1,0,1,3,1,0,2,1,1,0,2,1,1,4,2,11,4,1,0
1033,1,2,1,5,3,0,4,3,2,0,1,1,0,3,1,10,3,10,4
1034,0,1,1,3,2,1,1,3,1,2,2,1,1,3,2,24,3,7,0
1035,0,1,2,2,4,0,4,1,2,0,9,1,0,3,4,8,3,3,0
1036,1,2,1,3,2,1,3,1,4,1,6,1,1,3,3,7,1,2,2
1037,0,1,1,3,2,1,3,3,4,1,4,1,1,3,4,10,4,3,1
1038,0,1,0,3,3,1,3,2,1,2,4,1,0,3,1,15,3,2,2
1039,1,1,2,4,1,0,3,1,3,1,1,1,0,3,4,2,3,2,2
1040,0,0,1,1,4,1,2,3,2,2,2,1,0,3,3,16,3,9,4
1041,0,1,0,3,4,1,3,2,1,0,0,1,0,3,4,6,3,5,1
1042,0,0,1,3,3,1,2,1,3,0,3,1,0,3,4,7,3,5,0
1043,0,1,1,3,4,1,4,4,2,0,4,1,0,3,2,35,2,9,8
1044,0,1,1,4,1,1,3,2,3,1,2,1,0,3,2,20,2,3,1
1045,0,1,1,3,3,1,3,1,3,2,2,1,0,3,3,8,4,3,1
1046,0,1,1,3,4,1,3,1,2,0,1,1,0,3,3,6,2,5,1
1047,0,2,0,3,4,1,3,2,1,1,0,1,0,3,1,5,3,4,0
1048,0,1,0,3,4,1,1,2,1,0,3,1,0,3,4,15,3,13,3
1049,0,1,0,1,4,1,3,2,3,1,8,1,0,3,3,4,2,2,2
1050,0,2,1,2,1,0,3,1,4,0,1,1,0,3,3,12,3,12,5
1051,0,2,0,5,1,0,3,2,3,1,7,1,0,3,3,11,2,1,0
1052,0,0,1,3,3,1,3,1,3,2,1,1,0,3,2,1,2,1,0
1053,0,1,1,2,2,1,4,2,3,1,0,1,0,4,1,13,2,12,2
1054,0,1,1,4,3,1,3,3,2,2,3,1,0,3,2,29,3,8,0
1055,0,2,1,3,2,1,3,4,1,2,7,1,0,3,4,16,2,14,6
1056,1,2,0,3,1,1,3,1,3,1,3,1,0,3,4,5,4,3,1
1057,1,2,0,3,1,0,3,2,2,0,5,1,0,3,1,7,1,5,0
1058,1,1,0,4,1,0,2,2,2,0,0,1,1,4,3,16,4,15,10
1059,0,1,0,1,4,1,3,1,3,1,1,1,0,3,1,1,3,1,0
1060,1,2,1,3,2,1,3,1,1,0,2,1,1,3,3,4,2,0,0
1061,0,0,0,2,4,0,3,1,2,1,1,1,0,3,3,1,3,1,0
1062,0,2,1,1,2,1,3,3,3,0,5,1,1,3,2,16,2,2,2
1063,0,1,0,3,3,1,2,2,3,2,1,1,0,3,3,10,3,10,0
1064,0,1,2,3,3,1,3,1,3,2,0,1,0,4,1,6,4,5,1
1065,0,1,1,4,4,1,3,2,3,1,0,1,1,3,2,4,3,3,1
1066,0,1,1,4,1,0,2,1,2,1,8,1,0,3,4,8,3,5,0
1067,0,1,0,3,3,0,3,2,3,1,3,1,1,3,3,11,2,5,1
1068,1,2,1,2,3,1,2,1,1,0,7,1,0,3,3,8,2,0,0
1069,0,1,1,3,1,1,2,1,3,2,1,1,0,3,4,1,1,1,0
1070,0,2,0,3,3,1,3,2,1,0,0,1,0,3,4,5,3,4,1
1071,0,1,1,2,3,0,2,2,1,1,4,1,0,4,1,10,3,3,1
1072,0,2,1,1,4,0,3,1,2,1,0,1,0,3,3,4,3,3,0
1073,0,1,1,1,3,1,1,2,2,1,1,1,0,3,2,8,2,8,1
1074,0,1,1,5,4,1,3,2,3,0,2,1,1,3,1,14,3,0,0
1075,0,1,1,3,3,1,3,3,4,0,2,1,0,4,2,10,4,5,0
1076,0,2,1,4,2,0,3,4,4,2,3,1,0,4,1,26,3,14,1
1077,1,1,1,4,1,1,2,1,1,0,6,1,0,3,3,11,1,9,0
1078,0,1,1,3,4,1,3,4,1,1,3,1,0,3,3,24,4,20,14
1079,0,1,1,3,2,0,3,3,2,0,4,1,0,3,4,9,3,2,2
1080,0,1,0,3,3,0,3,4,2,1,8,1,0,3,4,23,4,13,5
1081,0,1,1,3,4,0,2,3,2,0,1,1,0,3,4,11,1,11,3
1082,0,1,1,1,1,1,3,2,3,0,0,1,0,3,2,5,3,4,1
1083,1,1,1,4,4,1,3,1,1,0,3,1,0,3,2,15,1,5,1
1084,0,1,0,3,4,1,2,3,3,1,1,1,1,3,4,10,3,10,8
1085,1,2,1,3,4,0,3,1,3,0,1,1,0,3,1,7,1,7,7
1086,0,2,1,5,3,1,1,4,4,0,1,1,1,3,4,32,3,32,13
1087,0,1,0,2,2,1,3,1,3,1,0,1,1,4,2,12,3,11,5
1088,0,1,1,3,3,1,2,1,2,1,4,1,0,3,2,4,3,1,0
1089,0,1,1,3,1,1,3,2,4,1,1,1,0,3,1,10,3,10,3
1090,0,1,1,1,3,0,1,2,1,1,3,1,0,3,3,9,3,7,0
1091,0,1,1,3,4,1,2,2,2,0,1,1,0,3,4,5,3,5,0
1092,0,1,1,3,4,1,3,1,4,1,4,1,0,4,4,8,3,5,0
1093,0,2,1,3,4,1,3,3,4,1,2,1,1,3,3,24,1,20,13
1094,0,1,0,2,1,1,3,2,1,1,0,1,0,3,4,9,4,8,7
1095,0,1,1,4,2,1,3,2,3,1,1,1,1,3,2,15,3,15,5
1096,0,1,2,2,3,1,3,4,4,0,1,1,1,4,4,21,3,21,7
1097,0,1,1,2,3,1,2,1,1,2,0,1,0,3,2,2,3,1,0
1098,0,0,1,2,4,1,3,2,4,2,3,1,1,3,3,8,3,2,2
1099,0,1,1,4,1,1,3,3,2,2,1,1,0,3,1,10,3,10,7
1100,0,1,0,4,2,0,2,1,3,1,0,1,0,4,1,6,3,5,4
1101,0,1,1,2,4,0,2,2,2,1,3,1,0,3,1,12,3,7,2
1102,0,1,0,4,3,1,3,1,4,0,3,1,1,4,4,7,2,3,1
1103,0,1,0,4,3,0,3,2,3,2,8,1,0,3,3,18,3,8,7
1104,0,1,1,3,3,1,4,1,3,1,6,1,0,3,1,5,2,1,0
1105,0,1,0,4,1,1,3,2,1,1,2,1,0,3,4,8,1,2,2
1106,1,1,0,3,2,1,2,2,1,1,1,1,0,3,4,10,3,10,6
1107,0,2,2,4,3,1,3,2,3,1,3,1,0,3,3,10,3,6,1
1108,0,1,1,3,4,1,2,1,1,0,1,1,0,3,2,3,3,3,1
1109,0,1,0,4,3,1,3,3,2,1,3,1,0,3,2,9,3,4,1
1110,1,1,1,3,1,0,3,1,1,2,1,1,1,3,4,1,3,1,0
1111,1,1,1,5,3,0,2,3,4,1,0,1,0,3,2,34,3,33,1
1112,1,1,1,3,3,1,3,2,2,1,4,1,0,3,1,7,3,5,1
1113,0,0,1,4,4,1,3,2,1,1,4,1,0,3,2,9,2,6,1
1114,0,1,1,4,3,0,3,1,1,1,8,1,0,3,4,10,2,8,7
1115,0,1,1,4,1,1,3,1,4,0,1,1,0,3,3,1,1,1,0
1116,0,1,0,5,3,1,2,5,4,1,1,1,0,4,3,36,3,36,2
1117,0,1,1,4,2,1,3,2,4,1,9,1,0,3,2,9,2,2,2
1118,0,1,1,3,1,0,3,1,4,1,1,1,0,4,1,1,3,1,0
1119,0,1,0,3,3,1,3,2,2,1,0,1,0,3,4,10,3,9,7
1120,0,1,0,3,2,0,3,2,2,0,2,1,0,3,2,8,4,3,1
1121,0,1,0,4,2,0,3,2,3,0,6,1,0,3,1,15,3,1,0
1122,0,1,1,1,2,1,3,1,1,0,1,1,1,3,4,10,3,10,1
1123,0,1,1,4,1,0,3,2,3,0,3,1,1,3,3,10,3,5,0
1124,0,1,0,3,4,1,4,3,3,1,2,1,0,3,1,11,3,7,7
1125,0,2,1,1,1,1,3,2,4,2,1,1,0,3,4,6,4,6,1
1126,0,1,0,3,3,1,3,5,3,1,4,1,1,3,3,27,3,1,0
1127,0,1,1,3,4,1,4,1,3,1,2,1,0,3,4,4,3,2,2
1128,0,2,1,4,1,1,4,2,1,1,3,1,1,3,4,9,3,3,0
1129,0,1,1,2,4,1,2,5,4,0,8,1,0,4,4,24,3,1,0
1130,0,1,1,3,2,1,4,2,3,1,1,1,0,3,4,10,2,10,6
1131,0,2,1,4,4,1,2,2,3,1,1,1,0,3,2,8,2,8,7
1132,0,1,0,2,4,0,3,2,1,1,1,1,0,3,3,5,3,5,1
1133,0,1,1,3,4,1,4,1,2,2,5,1,0,3,3,8,3,6,0
1134,0,1,1,2,3,1,2,1,4,1,1,1,0,3,4,1,2,1,0
1135,0,1,0,4,4,1,4,4,1,0,1,1,0,3,2,27,1,26,0
1136,1,1,1,3,3,1,3,1,2,1,1,1,1,3,3,1,3,1,0
1137,0,0,1,2,2,0,2,1,3,1,1,1,1,3,2,4,2,4,1
1138,0,2,1,5,2,1,3,4,3,1,2,1,1,3,3,32,3,30,12
1139,0,1,1,4,2,0,4,1,4,1,3,1,0,3,4,6,3,3,0
1140,0,1,1,3,2,0,3,5,4,2,0,1,1,3,4,23,2,22,1
1141,0,1,1,3,2,1,2,1,2,1,1,1,0,3,2,6,2,6,1
1142,0,1,1,5,3,0,1,2,1,0,1,1,1,3,1,10,3,10,1
1143,0,0,0,3,1,1,2,2,1,1,1,1,0,3,1,10,3,10,4
1144,0,2,0,4,4,1,3,2,1,0,7,1,0,3,4,10,3,5,0
1145,0,1,1,4,3,0,3,2,3,1,9,1,1,3,2,7,3,3,1
1146,0,2,1,4,3,1,4,2,4,2,1,1,0,3,1,9,3,9,7
1147,0,1,1,4,3,0,3,1,1,1,1,1,0,3,4,10,2,9,1
1148,0,1,1,5,2,1,3,2,1,1,2,1,0,3,4,10,3,7,7
1149,0,1,1,3,4,1,2,1,1,2,1,1,0,3,1,7,3,7,0
1150,0,1,1,5,2,1,4,2,1,1,1,1,0,3,4,16,3,16,1
1151,0,1,1,3,2,0,1,2,1,2,0,1,0,4,2,6,2,5,0
1152,0,1,1,1,3,1,3,1,4,0,1,1,0,3,3,3,3,2,2
1153,1,2,0,2,2,0,3,1,4,0,1,1,1,3,3,0,4,0,0
1154,0,1,2,4,4,0,3,5,3,1,3,1,0,3,3,27,3,5,1
1155,0,1,1,2,3,1,2,2,3,2,0,1,0,3,4,11,3,10,0
1156,0,1,1,3,1,0,2,3,3,1,1,1,0,3,4,18,3,18,14
1157,0,0,1,4,3,0,3,2,3,1,1,1,0,3,4,15,3,14,2
1158,0,1,1,3,3,1,3,2,3,1,3,1,0,3,1,9,2,4,0
1159,0,2,1,3,1,0,3,2,3,0,0,1,0,3,4,10,1,9,3
1160,0,1,1,2,4,0,2,2,4,2,1,1,0,3,1,10,3,10,3
1161,0,1,1,2,4,0,2,3,3,1,3,1,1,3,4,10,4,5,0
1162,1,1,0,3,4,1,2,3,1,1,9,1,0,3,3,15,3,13,6
1163,0,1,1,3,2,0,3,1,2,1,1,1,0,3,1,8,1,8,7
1164,0,1,1,3,3,0,3,3,4,0,6,1,1,3,4,18,2,4,3
1165,0,2,2,5,1,1,3,2,4,1,4,1,1,3,3,14,3,10,0
1166,0,2,1,5,3,1,2,4,4,1,2,1,0,4,2,23,3,2,2
1167,1,1,0,2,1,1,1,2,4,2,6,1,1,3,4,7,2,2,2
1168,0,2,1,1,1,0,3,1,4,0,1,1,1,3,3,6,3,6,1
1169,0,1,1,3,2,0,4,1,3,1,7,1,0,3,1,5,3,3,0
1170,0,2,1,3,4,1,3,1,4,0,2,1,0,3,3,6,2,4,1
1171,1,1,1,3,1,1,3,1,1,0,3,1,1,3,2,10,1,4,0
1172,0,1,0,3,3,1,2,2,3,0,9,1,0,3,3,8,3,5,1
1173,0,1,1,4,2,0,3,3,1,1,4,1,0,3,3,9,3,3,0
1174,0,2,1,1,4,1,4,2,3,2,1,1,0,3,3,7,3,7,0
1175,0,1,1,3,4,1,3,2,2,1,4,1,0,4,3,7,3,5,1
1176,0,1,1,4,1,0,3,4,2,1,3,1,0,3,2,27,3,4,1
1177,0,1,1,5,4,0,2,3,1,2,5,1,0,3,3,19,3,14,1
1178,0,1,0,3,3,0,3,1,3,0,1,1,0,3,1,2,3,2,2
1179,0,1,1,3,4,0,3,2,2,2,1,1,0,3,3,11,3,11,7
1180,0,1,1,3,1,1,3,1,2,0,2,1,0,3,3,15,3,4,1
1181,0,1,1,1,3,0,2,4,3,1,2,1,1,3,2,30,3,15,2
1182,0,0,1,4,4,0,2,2,3,1,0,1,0,3,3,4,3,3,1
1183,0,1,1,2,4,1,4,2,1,2,6,1,0,4,1,13,3,5,0
1184,0,1,1,5,2,0,3,4,3,1,3,1,0,4,3,36,3,10,4
1185,0,1,1,2,3,1,2,4,3,1,1,1,0,4,1,14,3,14,6
1186,1,2,0,4,4,1,3,2,4,0,3,1,1,4,1,13,4,11,6
1187,0,2,1,3,4,1,3,2,4,1,7,1,0,3,4,19,4,13,2
1188,0,1,0,3,1,1,2,2,2,2,1,1,1,3,2,10,2,10,0
1189,0,1,0,4,4,1,3,2,4,2,1,1,0,3,3,6,3,6,0
1190,0,1,1,3,4,1,3,2,2,2,0,1,0,3,3,10,2,9,1
1191,0,1,0,4,1,0,3,2,4,1,1,1,0,3,1,10,3,10,0
1192,0,1,1,3,4,0,3,1,1,2,4,1,1,3,2,17,2,2,2
1193,0,2,1,3,4,0,2,1,2,0,1,1,0,4,2,4,3,4,3
1194,0,1,0,4,2,0,4,4,2,2,6,1,0,3,3,29,3,3,1
1195,0,1,1,3,3,1,3,4,3,0,4,1,0,3,1,23,3,8,0
1196,0,1,0,2,4,1,3,3,3,0,3,1,1,3,4,21,3,2,0
1197,0,1,0,1,4,1,3,1,1,0,1,1,0,3,1,2,3,2,0
1198,0,0,0,3,3,0,3,2,4,2,1,1,1,4,3,7,3,6,1
1199,0,1,1,4,1,1,3,2,3,1,6,1,0,3,2,10,2,3,0
1200,0,1,2,3,3,0,3,1,4,2,4,1,1,3,1,8,3,2,2
1201,1,1,1,1,4,1,2,1,3,0,1,1,1,3,1,5,3,5,1
1202,0,1,1,2,4,0,3,1,3,1,7,1,0,3,4,7,2,0,0
1203,0,1,1,4,2,1,4,3,4,1,3,1,0,3,3,11,3,4,1
1204,1,2,0,2,4,0,3,1,3,1,2,1,1,3,3,19,3,9,7
1205,1,1,1,4,4,1,3,1,2,0,1,1,0,3,1,1,3,1,0
1206,0,0,1,3,4,1,3,1,4,0,1,1,0,4,3,7,3,7,5
1207,0,1,1,3,1,1,2,1,2,2,5,1,0,3,4,8,3,4,1
1208,0,1,1,2,2,1,2,2,4,1,1,1,0,3,3,15,4,15,4
1209,0,1,1,4,3,1,1,3,4,2,3,1,0,4,3,19,4,1,0
1210,0,1,1,3,2,1,4,1,2,1,1,1,0,3,4,14,3,14,2
1211,0,2,0,4,3,1,1,2,4,2,1,1,0,3,3,6,2,6,1
1212,0,1,1,3,2,0,2,1,4,1,1,1,0,3,2,10,3,10,8
1213,1,1,0,3,3,1,3,1,4,2,1,1,1,4,2,3,3,3,0
1214,0,1,1,3,3,0,4,3,4,1,1,1,1,3,2,9,3,8,6
1215,0,2,1,4,1,1,2,1,4,0,0,1,1,3,3,6,4,5,1
1216,0,1,0,3,4,1,3,2,4,1,1,1,1,3,1,10,3,10,8
1217,0,1,1,3,3,1,4,1,3,1,1,1,0,3,4,5,3,5,0
1218,0,1,0,3,4,1,3,3,3,0,1,1,0,3,2,10,3,10,8
1219,0,1,1,4,4,0,3,1,3,1,9,1,0,3,3,9,3,5,1
1220,0,1,0,4,3,0,3,2,4,0,3,1,0,3,3,17,2,13,6
1221,0,0,1,1,3,1,2,3,3,1,3,1,0,4,4,25,2,23,14
1222,1,1,2,1,4,1,1,1,3,1,1,1,0,3,3,1,3,1,0
1223,1,2,0,3,3,1,1,4,3,1,7,1,0,3,3,25,1,23,14
1224,0,1,1,4,4,1,1,1,3,1,1,1,0,3,3,3,4,3,0
1225,0,1,1,2,4,0,2,4,2,0,1,1,0,3,3,21,3,21,8
1226,0,2,1,3,1,1,3,1,3,1,6,1,0,3,1,10,2,5,1
1227,0,1,1,4,2,1,3,1,3,1,1,1,0,3,4,6,4,5,0
1228,0,0,2,3,3,1,1,2,2,1,6,1,0,3,2,10,3,3,1
1229,0,1,1,2,2,0,3,2,1,1,2,1,1,3,2,18,3,1,0
1230,0,1,1,1,2,1,3,1,1,2,1,1,0,3,2,6,4,6,1
1231,0,1,1,4,3,1,3,2,2,0,6,1,0,3,4,19,3,10,0
1232,0,1,1,4,4,1,3,2,3,1,2,1,0,3,2,17,3,7,0
1233,0,1,1,1,2,1,3,1,4,1,1,1,0,3,2,10,2,10,0
1234,0,0,0,4,3,1,3,2,2,1,7,1,0,3,4,4,1,1,0
1235,0,1,0,3,3,1,3,3,4,2,4,1,1,3,2,13,2,10,0
1236,1,1,0,5,2,1,2,2,1,2,5,1,1,3,2,16,3,2,2
1237,1,1,0,2,1,1,1,2,2,0,6,1,0,3,2,10,3,0,0
1238,0,1,1,1,3,0,3,1,2,0,1,1,0,3,3,3,1,3,1
1239,0,2,1,1,4,0,3,2,4,0,2,1,0,4,4,9,2,5,1
1240,0,0,1,3,4,1,3,2,4,1,1,1,1,3,4,9,3,9,5
1241,0,1,0,3,4,1,1,3,3,1,3,1,0,3,3,10,1,4,0
1242,0,1,0,4,2,1,3,5,2,0,1,1,0,3,2,21,2,21,12
1243,0,1,2,3,3,0,1,3,3,1,4,1,0,4,3,9,4,5,0
1244,0,2,1,4,4,0,2,1,1,0,0,1,0,3,4,10,3,9,0
1245,0,2,2,3,1,1,3,1,4,1,0,1,0,3,4,3,3,2,2
1246,1,2,2,3,3,0,2,1,4,2,6,1,0,3,3,6,2,4,1
1247,0,1,0,3,1,1,3,2,3,1,1,1,0,3,3,6,3,5,0
1248,0,1,1,3,3,0,3,1,4,0,1,1,0,3,3,6,2,6,1
1249,1,1,0,3,2,0,1,1,2,0,1,1,0,3,3,2,3,2,2
1250,0,2,1,3,4,1,4,2,3,0,8,1,1,3,4,10,4,3,0
1251,0,1,0,2,3,1,2,3,1,2,2,1,0,3,1,12,3,7,1
1252,0,1,1,4,4,1,4,1,4,1,0,1,1,3,1,6,3,5,1
1253,0,0,0,3,4,0,3,2,2,0,8,1,0,3,4,13,2,11,1
1254,0,1,0,4,4,0,3,2,4,0,3,1,0,3,3,8,4,5,0
1255,1,1,0,3,1,0,3,3,1,0,2,1,1,4,3,11,2,0,0
1256,0,2,1,2,3,0,2,1,2,1,4,1,0,3,2,9,2,6,0
1257,1,1,0,4,1,1,3,3,3,1,2,1,0,3,1,10,3,1,0
1258,0,1,1,3,4,0,2,1,1,2,1,1,0,3,3,1,3,1,0
1259,0,1,1,3,3,1,4,2,3,1,3,1,0,3,3,10,3,7,1
1260,0,0,1,4,2,1,3,1,2,0,2,1,0,3,2,12,3,7,0
1261,0,1,1,3,2,1,1,2,4,1,3,1,1,3,3,15,3,1,1
1262,1,2,1,3,3,1,2,1,3,1,9,1,1,3,4,6,3,1,0
1263,0,1,1,3,2,1,3,1,2,2,8,1,0,4,2,7,2,5,0
1264,0,1,1,3,3,1,2,5,1,1,8,1,0,3,2,34,3,1,0
1265,0,0,1,3,4,1,3,2,2,2,5,1,0,3,4,11,2,9,1
1266,0,1,1,4,3,1,3,1,1,2,1,1,0,4,2,5,3,5,0
1267,0,0,0,3,4,1,3,2,3,2,1,1,1,3,3,15,3,15,0
1268,0,0,1,4,1,0,2,4,3,1,4,1,1,4,4,27,2,3,0
1269,0,1,2,3,2,1,3,1,4,0,0,1,0,3,2,10,3,9,1
1270,0,1,0,2,4,0,1,2,4,0,5,1,0,3,1,6,3,2,2
1271,1,1,0,1,2,1,3,1,2,0,1,1,0,3,2,1,3,1,1
1272,0,1,1,2,4,0,2,1,3,1,1,1,0,3,2,5,3,5,0
1273,1,1,1,1,3,0,3,1,1,1,1,1,1,3,3,1,3,1,0
1274,0,1,0,4,1,0,2,2,4,1,1,1,0,3,1,13,3,12,5
1275,0,1,1,3,1,0,3,3,3,1,2,1,0,3,4,15,3,2,2
1276,0,1,0,2,2,1,2,2,2,1,1,1,0,3,1,5,3,5,0
1277,0,1,1,4,3,1,3,5,4,2,7,1,1,3,3,24,3,2,2
1278,0,1,1,3,4,1,3,3,1,1,7,1,1,3,4,15,3,12,5
1279,1,2,1,2,3,1,3,1,2,2,1,1,1,3,3,6,2,5,2
1280,0,1,2,2,3,1,3,2,2,2,2,1,0,3,3,19,2,10,4
1281,1,1,0,3,3,1,3,2,4,0,1,1,1,3,4,10,3,10,7
1282,0,1,1,4,4,1,4,1,1,1,6,1,0,3,2,14,3,10,7
1283,0,1,1,3,3,1,3,1,4,1,1,1,0,3,3,5,4,5,0
1284,0,1,1,1,3,1,3,3,3,0,7,1,0,4,3,9,3,4,2
1285,0,0,0,2,2,1,2,2,2,0,8,1,0,3,3,6,3,2,2
1286,0,1,1,2,3,0,3,1,1,1,4,1,0,3,4,7,2,4,0
1287,0,1,1,3,2,1,4,2,1,1,5,1,0,3,3,10,2,0,0
1288,0,0,1,2,2,1,3,2,4,2,2,1,0,3,3,15,3,7,1
1289,0,0,2,3,1,1,3,1,2,2,5,1,0,3,4,13,3,11,3
1290,1,2,1,4,4,1,3,2,1,1,4,1,0,3,3,11,2,7,0
1291,1,1,1,4,4,1,3,2,1,0,1,1,0,3,2,10,1,10,0
1292,0,2,0,3,3,1,3,2,4,2,2,1,0,3,4,7,3,2,2
1293,0,0,1,3,1,1,3,1,3,0,4,1,0,3,3,7,2,3,1
1294,0,1,1,3,2,1,4,2,2,0,3,1,0,3,1,11,1,3,1
1295,0,1,0,1,3,0,3,3,3,2,0,1,1,3,4,23,4,22,13
1296,0,1,1,3,1,0,3,3,3,0,9,1,0,3,2,9,3,7,0
1297,1,1,2,2,4,0,3,1,2,1,0,1,1,3,3,6,3,5,1
1298,1,1,1,2,4,0,3,2,2,1,4,1,0,4,4,13,4,9,3
1299,0,1,1,3,3,0,3,2,4,2,4,1,0,3,4,12,3,5,0
1300,0,1,0,2,2,1,4,2,3,1,1,1,0,4,3,10,3,10,4
1301,0,0,0,3,2,1,3,4,2,2,4,1,0,4,4,37,2,16,14
1302,0,1,1,4,2,1,1,1,3,1,0,1,0,3,2,6,4,5,0
1303,0,1,1,3,3,0,2,3,2,2,8,1,1,3,3,28,3,22,14
1304,0,1,1,3,2,0,3,2,1,2,2,1,0,3,2,15,3,7,7
1305,0,1,1,4,4,0,3,2,4,1,4,1,0,3,2,14,2,7,1
1306,0,2,0,4,1,0,3,3,1,1,2,1,0,3,4,9,3,3,2
1307,0,1,1,3,3,0,3,1,1,1,1,1,0,4,3,3,3,3,1
1308,0,1,0,4,2,0,1,2,4,1,2,1,1,4,1,20,2,4,0
1309,0,1,0,3,3,1,3,2,4,0,1,1,0,3,1,5,3,5,1
1310,0,2,1,4,1,1,3,4,3,1,2,1,1,3,2,23,3,2,2
1311,0,0,1,3,2,0,3,1,3,0,1,1,0,3,3,0,1,0,0
1312,1,1,2,5,4,1,4,1,1,1,0,1,0,3,3,2,3,1,0
1313,1,1,2,3,1,1,2,1,1,2,4,1,1,3,4,4,3,2,2
1314,0,0,0,4,3,0,3,2,3,1,4,1,0,4,2,10,4,8,5
1315,0,1,1,4,4,0,3,2,2,1,4,1,1,4,4,15,3,1,0
1316,0,2,0,4,1,1,3,2,4,1,1,1,0,4,3,7,3,7,7
1317,0,2,1,2,4,0,3,1,4,0,0,1,1,3,3,6,2,5,0
1318,0,2,1,1,4,1,3,1,4,1,1,1,0,3,2,11,4,11,3
1319,0,2,0,4,4,1,3,2,4,0,8,1,0,3,3,4,4,0,0
1320,0,0,1,4,3,1,3,1,3,1,3,1,0,4,2,10,2,6,3
1321,0,1,1,4,2,0,3,1,3,0,4,1,0,3,3,7,3,2,2
1322,0,1,1,2,4,1,3,3,4,2,3,1,0,3,3,12,2,9,4
1323,0,0,2,2,3,1,3,1,4,2,1,1,0,3,2,3,3,3,2
1324,0,1,1,1,4,1,1,2,3,2,8,1,0,3,4,11,3,7,1
1325,0,1,1,3,4,1,3,1,3,0,4,1,0,3,4,8,3,0,0
1326,1,1,0,4,3,1,2,2,2,0,7,1,1,3,3,7,2,2,2
1327,0,1,0,3,1,0,4,4,1,2,2,1,0,3,4,25,3,19,2
1328,0,1,0,1,2,0,2,2,3,1,1,1,0,4,4,9,3,9,5
1329,0,1,2,1,4,1,2,1,2,1,1,1,0,3,4,1,3,1,0
1330,0,1,1,3,1,0,2,5,3,1,7,1,0,3,4,21,3,16,6
1331,0,1,1,3,4,1,2,5,2,1,4,1,0,3,4,29,3,22,12
1332,1,2,1,2,4,1,2,1,4,0,1,1,1,4,2,1,2,1,1
1333,1,1,0,3,3,0,3,3,2,1,5,1,0,4,3,14,3,8,0
1334,0,2,1,3,4,0,2,1,1,1,0,1,0,3,4,8,2,7,7
1335,0,1,1,4,4,1,3,2,4,2,8,1,0,3,2,7,3,2,2
1336,0,1,1,4,2,1,2,1,4,1,8,1,0,4,2,19,4,5,0
1337,0,1,0,3,2,0,3,1,2,1,1,1,0,3,4,1,3,1,0
1338,1,1,0,3,2,1,3,1,4,0,1,1,0,3,3,1,2,1,0
1339,1,1,1,1,4,1,3,1,2,0,1,1,1,4,1,1,3,1,0
1340,0,1,0,4,2,0,2,2,3,1,1,1,1,3,1,10,3,10,1
1341,0,1,1,3,2,1,3,2,3,2,1,1,0,3,1,10,3,10,0
1342,0,1,0,3,3,1,3,3,4,1,2,1,1,3,4,9,3,5,1
1343,0,1,1,3,4,1,3,1,1,0,3,1,0,3,2,11,3,3,1
1344,0,1,1,4,4,1,3,2,1,1,5,1,1,4,3,16,3,5,0
1345,0,1,1,2,4,0,2,2,2,1,0,1,1,3,4,4,3,3,0
1346,0,1,1,2,2,0,2,2,4,1,0,1,0,3,4,10,2,9,3
1347,0,2,2,1,2,1,2,2,4,0,1,1,0,4,4,10,2,10,0
1348,0,1,1,4,1,1,3,4,1,2,2,1,0,3,1,22,3,19,11
1349,0,1,1,2,2,0,2,1,3,1,1,1,1,3,3,1,2,1,1
1350,0,1,0,2,1,0,4,2,3,0,0,1,0,3,2,9,2,8,0
1351,0,2,1,3,4,0,3,4,4,2,3,1,0,3,2,24,3,22,4
1352,0,1,1,4,2,1,4,2,1,1,2,1,0,3,4,10,3,2,2
1353,1,0,1,4,4,1,1,1,1,1,1,1,1,4,2,5,3,5,3
1354,1,1,1,2,1,1,3,1,4,0,1,1,0,3,4,5,3,4,1
1355,0,1,0,2,3,1,2,2,2,1,2,1,0,3,3,12,1,4,1
1356,0,1,0,3,3,0,3,2,2,1,5,1,0,4,3,14,3,5,1
1357,0,1,1,3,3,1,3,3,1,1,9,1,0,3,2,18,4,13,5
1358,0,1,0,2,3,0,3,2,4,2,2,1,1,3,4,8,3,5,1
1359,0,1,0,1,4,0,2,2,4,1,3,1,1,3,3,9,2,4,0
1360,0,1,1,3,1,0,4,1,3,2,8,1,0,3,2,4,2,2,2
1361,0,2,1,3,3,1,4,1,4,1,0,1,0,3,1,8,3,7,7
1362,0,2,1,4,2,1,3,2,3,0,4,1,0,3,3,12,3,4,0
1363,0,1,0,4,2,1,3,2,3,0,1,1,0,3,2,10,2,10,0
1364,0,2,0,2,3,1,2,2,4,1,1,1,1,3,3,7,3,7,0
1365,1,2,0,3,3,1,4,1,1,0,1,1,0,3,4,1,3,1,0
1366,0,0,0,4,1,0,1,2,3,1,6,1,0,3,3,10,3,3,1
1367,0,1,1,4,2,1,3,1,2,1,1,1,0,3,3,6,2,5,1
1368,0,2,1,4,3,1,2,2,4,1,1,1,1,3,2,16,3,15,6
1369,1,1,0,2,4,0,3,2,3,0,3,1,1,3,4,6,3,2,2
1370,0,0,1,4,3,1,3,2,2,1,8,1,0,3,3,16,4,8,1
1371,0,1,0,5,4,0,2,2,1,1,4,1,0,3,3,6,3,0,0
1372,0,1,1,2,1,1,3,2,1,1,1,1,0,4,4,10,3,10,7
1373,0,2,1,3,4,0,2,2,2,2,1,1,1,3,3,20,3,20,0
1374,0,1,0,3,4,0,3,4,4,1,4,1,1,3,3,29,2,1,0
1375,1,2,1,2,1,0,4,1,3,0,3,1,1,3,1,8,3,4,0
1376,0,1,1,2,2,1,3,1,4,2,2,1,0,3,4,10,4,5,0
1377,0,2,1,1,2,1,3,5,4,1,3,1,0,3,4,28,3,5,4
1378,0,1,0,4,2,1,3,2,4,2,3,1,1,3,3,14,3,0,0
1379,1,2,2,3,1,0,2,1,2,1,1,1,0,3,1,1,3,1,0
1380,0,1,0,4,2,1,3,2,1,1,0,1,0,3,4,6,1,5,0
1381,0,0,1,3,3,1,3,1,3,0,1,1,0,3,3,5,2,5,1
1382,0,0,1,2,3,1,3,1,1,2,1,1,1,3,4,4,4,4,2
1383,0,0,1,4,1,1,4,1,2,1,1,1,0,4,2,5,3,5,0
1384,0,1,0,3,1,1,3,3,4,0,1,1,0,4,1,14,2,14,2
1385,0,1,0,4,4,1,3,3,3,2,1,1,0,3,3,9,2,8,1
1386,0,1,1,3,3,1,3,1,1,0,0,1,0,3,4,8,2,7,7
1387,0,1,1,3,1,1,3,2,1,1,0,1,0,3,1,6,2,5,0
1388,0,0,1,4,3,0,3,2,4,2,5,1,0,3,2,9,3,5,1
1389,0,2,1,3,4,1,1,2,1,1,1,1,0,4,2,10,3,10,8
1390,1,1,1,3,3,1,2,1,4,2,5,1,0,3,1,6,2,4,0
1391,0,1,0,3,1,1,2,1,1,0,4,1,0,3,1,20,2,1,0
1392,0,1,0,4,3,0,3,2,4,1,1,1,1,3,4,10,3,10,0
1393,0,1,0,3,4,1,3,2,4,0,1,1,0,3,1,7,3,7,0
1394,0,1,1,4,4,1,2,2,4,0,8,1,0,4,2,8,3,1,0
1395,1,2,0,4,1,1,3,2,4,1,1,1,1,3,3,10,3,10,0
1396,1,1,0,4,1,1,3,3,1,0,6,1,1,3,2,15,2,2,2
1397,0,1,1,2,1,0,3,2,3,1,3,1,0,3,3,9,2,4,2
1398,0,2,1,2,4,1,3,2,3,2,1,1,0,4,3,9,3,9,2
1399,0,1,1,3,1,1,3,3,3,1,1,1,0,3,2,10,3,10,0
1400,0,2,2,4,4,1,3,1,2,1,0,1,1,3,2,7,3,6,1
1401,0,1,2,4,3,1,4,5,2,1,4,1,1,3,1,35,3,10,1
1402,0,1,1,1,4,0,1,1,4,2,1,1,1,3,3,1,3,1,0
1403,0,1,0,4,2,1,3,4,1,0,0,1,0,3,1,21,3,20,11
1404,0,0,1,2,4,1,2,2,3,0,1,1,0,3,4,20,3,20,3
1405,0,0,1,3,3,0,3,3,3,1,4,1,0,4,3,13,4,11,4
1406,0,1,1,3,3,0,3,2,1,0,6,1,1,3,4,9,3,5,1
1407,0,1,1,2,2,1,2,2,3,0,1,1,0,3,2,4,2,4,1
1408,0,1,1,2,4,1,3,1,4,0,1,1,0,3,3,5,4,5,1
1409,0,2,1,3,4,0,3,2,3,1,1,1,0,3,1,10,4,10,9
1410,0,1,0,2,2,0,3,2,2,1,3,1,0,3,3,15,3,11,5
1411,0,1,2,3,3,0,3,1,2,1,4,1,0,3,3,6,3,2,1
1412,0,1,1,2,4,1,3,1,2,1,1,1,0,3,3,12,2,12,1
1413,0,1,1,1,4,1,3,1,3,2,6,1,1,3,3,7,2,2,0
1414,0,1,1,3,1,1,3,3,3,0,2,1,0,4,2,25,3,17,12
1415,0,0,1,2,2,1,2,1,3,2,1,1,0,3,3,1,2,1,0
1416,0,1,0,4,4,1,3,2,2,1,0,1,0,3,1,16,3,15,5
1417,0,1,0,2,1,1,3,1,3,1,0,1,0,3,3,3,3,2,1
1418,0,2,1,4,1,1,2,2,3,1,2,1,0,3,4,10,3,8,7
1419,0,1,1,4,4,1,3,2,1,2,6,1,1,3,3,9,2,4,1
1420,0,1,1,3,4,1,3,1,4,1,3,1,0,4,1,12,3,5,1
1421,0,0,1,1,3,0,3,3,2,1,0,1,0,3,1,14,1,13,5
1422,0,1,1,4,4,1,3,1,3,1,7,1,1,3,3,5,3,2,2
1423,0,1,1,2,4,1,3,1,3,0,0,1,0,3,4,4,4,3,1
1424,0,1,1,4,2,1,3,2,3,0,1,1,0,3,2,10,3,10,0
1425,0,1,1,2,2,0,3,2,4,1,0,1,1,3,1,10,3,9,8
1426,0,1,1,4,3,0,2,1,2,0,1,1,0,3,3,6,3,6,4
1427,0,1,1,4,1,1,3,1,4,1,8,1,0,3,3,8,2,1,0
1428,0,1,0,4,2,1,2,1,2,1,0,1,0,3,2,3,3,2,2
1429,0,1,1,1,1,1,3,2,4,0,7,1,0,3,1,18,3,7,1
1430,0,1,1,3,2,0,1,3,3,1,3,1,0,3,1,20,3,18,1
1431,0,1,0,4,3,0,3,3,4,1,1,1,0,3,3,14,3,14,5
1432,0,1,1,3,3,0,4,3,4,1,1,1,1,4,1,16,3,16,6
1433,0,1,0,2,1,0,3,2,3,2,0,1,1,4,2,6,2,5,0
1434,0,0,0,4,1,1,3,1,4,2,2,1,0,3,2,16,2,9,0
1435,0,1,1,3,2,1,3,1,4,0,6,1,1,3,3,6,3,4,1
1436,0,1,0,1,3,1,3,1,1,0,1,1,1,3,4,2,3,2,1
1437,0,0,1,3,4,1,3,5,4,0,2,1,0,3,3,21,2,6,1
1438,1,2,0,3,4,1,3,1,1,1,1,1,0,3,1,1,2,1,1
1439,0,1,0,3,1,0,2,3,4,1,0,1,0,3,3,10,3,9,3
1440,0,2,1,2,4,0,3,2,2,2,7,1,0,3,2,18,3,4,0
1441,0,0,1,4,3,1,3,2,3,2,1,1,0,4,1,13,2,13,1
1442,1,1,1,4,1,1,3,1,4,1,9,1,1,3,2,4,4,2,2
1443,0,1,1,3,1,1,3,5,3,1,5,1,0,3,1,24,2,22,4
1444,1,1,1,2,4,1,3,1,3,1,8,1,0,3,4,14,1,10,9
1445,0,1,1,4,1,0,2,4,2,1,0,1,0,4,3,21,3,20,0
1446,0,1,0,3,4,0,2,2,3,1,1,1,0,4,4,8,3,8,1
1447,0,0,0,4,4,1,1,2,4,2,1,1,0,4,1,15,2,15,11
1448,0,1,0,3,3,1,2,2,2,2,2,1,0,3,3,14,3,5,0
1449,0,1,1,3,4,1,3,1,1,0,1,1,0,3,4,4,3,4,1
1450,0,1,2,4,3,0,3,3,4,0,1,1,1,3,3,9,3,9,1
1451,0,1,0,2,1,0,3,2,4,1,1,1,0,3,3,10,3,10,1
1452,1,2,0,4,2,1,3,2,3,2,7,1,0,3,4,12,3,6,0
1453,0,1,0,4,2,0,2,2,4,1,4,1,0,3,1,8,2,6,0
1454,0,1,0,3,4,0,3,2,3,0,8,1,0,3,3,8,3,5,0
1455,0,1,1,4,3,1,2,1,3,0,2,1,0,3,4,8,3,2,2
1456,0,2,1,4,3,1,3,2,3,1,1,1,1,3,4,10,4,10,0
1457,0,1,1,4,3,0,3,1,3,1,2,1,0,3,2,20,3,5,0
1458,0,1,1,4,3,0,1,1,4,1,1,1,0,3,4,4,3,4,1
1459,0,1,1,2,4,1,2,2,2,1,4,1,1,3,1,10,3,4,0
1460,0,1,1,4,4,0,2,1,1,0,1,1,0,3,2,5,1,5,0
1461,1,1,0,3,4,1,2,3,1,2,4,1,1,3,2,20,3,3,2
1462,0,1,0,1,2,0,2,4,4,1,0,1,0,3,1,21,2,20,9
1463,0,0,1,3,2,1,3,2,1,0,0,1,0,3,2,10,3,9,1
1464,0,1,0,3,4,0,2,1,3,0,0,1,0,3,4,5,3,4,0
1465,0,2,1,2,3,1,4,2,4,1,4,1,0,3,3,17,3,5,0
1466,0,1,1,1,4,1,2,3,1,1,4,1,0,3,1,9,3,7,1
1467,0,1,1,3,2,1,4,2,2,1,1,1,1,4,2,6,3,6,0
1468,0,2,0,3,4,1,2,2,2,1,2,1,0,3,4,17,2,9,0
1469,0,1,1,3,2,1,4,2,3,1,2,1,0,3,1,6,4,4,1
